Date,Open,High,Low,Close,Adj Close,Volume,Day 
2018-02-20,38.5,39.349998,38.049999,38.75,38.75,175700,0
2018-02-21,38.799999,39.5,38.700001,38.799999,38.799999,115300,1
2018-02-22,38.849998,38.950001,38.349998,38.450001,38.450001,84700,2
2018-02-23,38.650002,39.450001,38.450001,39.400002,39.400002,125500,3
2018-02-26,39.349998,40.5,39.099998,40.200001,40.200001,178800,4
2018-02-27,40.25,40.650002,38.599998,38.650002,38.650002,239300,5
2018-02-28,41.049999,41.049999,37.549999,37.549999,37.549999,476800,6
2018-03-01,37.5,37.5,35.599998,36.599998,36.599998,491900,7
2018-03-02,36.349998,37.5,36.099998,36.549999,36.549999,274900,8
2018-03-05,36.400002,37,36.150002,36.75,36.75,250200,9
2018-03-06,36.849998,36.950001,36.349998,36.950001,36.950001,221500,10
2018-03-07,36.450001,36.900002,36.200001,36.549999,36.549999,220700,11
2018-03-08,36.650002,36.650002,36,36.099998,36.099998,229600,12
2018-03-09,36.299999,36.849998,36.099998,36.799999,36.799999,120000,13
2018-03-12,36.799999,37.25,36.599998,36.799999,36.799999,118900,14
2018-03-13,37,37.599998,36.950001,37.349998,37.349998,150700,15
2018-03-14,37.400002,37.900002,37.150002,37.700001,37.700001,156300,16
2018-03-15,37.650002,37.849998,37.375,37.650002,37.650002,637000,17
2018-03-16,37.700001,38.099998,37.5,38,38,956300,18
2018-03-19,37.799999,37.900002,35.25,37.849998,37.849998,208700,19
2018-03-20,37.799999,38.099998,36.875,37.299999,37.299999,247800,20
2018-03-21,37.299999,38.099998,37.299999,37.349998,37.349998,406000,21
2018-03-22,36.900002,37.700001,36.5,36.5,36.5,147700,22
2018-03-23,36.5,36.5,34.650002,34.700001,34.700001,505100,23
2018-03-26,35.150002,35.599998,34.255001,35,35,413700,24
2018-03-27,35.099998,35.099998,34.549999,34.75,34.75,326200,25
2018-03-28,34.849998,35,34.099998,34.349998,34.349998,153900,26
2018-03-29,34.349998,35,34.299999,34.900002,34.900002,449900,27
2018-04-02,34.900002,35.25,34.349998,34.400002,34.400002,326800,28
2018-04-03,34.549999,34.849998,34.25,34.5,34.5,217000,29
2018-04-04,34.200001,34.599998,34.049999,34.5,34.5,608700,30
2018-04-05,34.700001,35,34.474998,34.650002,34.650002,765000,31
2018-04-06,34.5,34.900002,34.099998,34.549999,34.549999,403000,32
2018-04-09,34.75,35.299999,34.450001,34.950001,34.950001,230500,33
2018-04-10,35.450001,35.450001,34.849998,34.900002,34.900002,154000,34
2018-04-11,34.700001,35.150002,34.700001,34.900002,34.900002,159000,35
2018-04-12,35.049999,35.650002,35,35.450001,35.450001,188800,36
2018-04-13,35.650002,35.650002,35.099998,35.200001,35.200001,264300,37
2018-04-16,35.349998,35.575001,35.049999,35.299999,35.299999,124500,38
2018-04-17,35.549999,35.799999,35.049999,35.200001,35.200001,246600,39
2018-04-18,35.400002,36,35.25,35.849998,35.849998,306600,40
2018-04-19,35.799999,35.849998,34.888,35,35,150300,41
2018-04-20,34.849998,35.150002,34.150002,35.049999,35.049999,178600,42
2018-04-23,35,35.549999,34.950001,35.049999,35.049999,467300,43
2018-04-24,35.200001,35.299999,34.549999,34.75,34.75,108500,44
2018-04-25,34.700001,34.849998,34.200001,34.25,34.25,128200,45
2018-04-26,34.400002,35.900002,33.900002,34.099998,34.099998,125500,46
2018-04-27,34.150002,34.200001,33.700001,33.700001,33.700001,129100,47
2018-04-30,33.849998,34.049999,33.200001,33.25,33.25,217200,48
2018-05-01,34.299999,35.75,34.299999,35.599998,35.599998,767300,49
2018-05-02,35.700001,36.25,35.700001,35.900002,35.900002,234200,50
2018-05-03,35.75,36,34.75,35.049999,35.049999,413400,51
2018-05-04,35.049999,35.525002,34.799999,35.099998,35.099998,595700,52
2018-05-07,35.349998,35.599998,34.75,35.5,35.5,264500,53
2018-05-08,35.450001,35.900002,35.299999,35.5,35.5,165100,54
2018-05-09,35.599998,35.849998,35.25,35.650002,35.650002,138900,55
2018-05-10,35.75,36,35.324001,35.650002,35.650002,201300,56
2018-05-11,35.549999,36.150002,35.5,35.799999,35.799999,116300,57
2018-05-14,35.849998,36.5,35.849998,36.450001,36.450001,147300,58
2018-05-15,36.400002,36.825001,36.299999,36.75,36.75,120100,59
2018-05-16,36.799999,37.700001,36.799999,37.349998,37.349998,200700,60
2018-05-17,37.299999,38.049999,37.049999,37.849998,37.849998,139000,61
2018-05-18,38,38.349998,37.849998,38.25,38.25,157400,62
2018-05-21,38.400002,38.924999,38.099998,38.799999,38.799999,146600,63
2018-05-22,38.950001,39,38.349998,38.5,38.5,147500,64
2018-05-23,38.349998,38.849998,38.299999,38.549999,38.549999,117900,65
2018-05-24,38.400002,39,38.150002,39,39,205700,66
2018-05-25,38.950001,39.450001,38.950001,39.299999,39.299999,118700,67
2018-05-29,39.049999,39.400002,38.700001,39.099998,39.099998,192100,68
2018-05-30,39.25,39.799999,39.25,39.700001,39.700001,116500,69
2018-05-31,39.75,40,39.450001,39.75,39.75,184000,70
2018-06-01,39.900002,40.700001,39.700001,40.5,40.5,218100,71
2018-06-04,40.549999,41.400002,40.549999,41,41,153100,72
2018-06-05,41,41.900002,41,41.849998,41.849998,106200,73
2018-06-06,41.799999,42.525002,41.205002,42.400002,42.400002,140900,74
2018-06-07,42.5,42.849998,40.514999,42.700001,42.700001,191800,75
2018-06-08,42.599998,43,42,42.200001,42.200001,160600,76
2018-06-11,42.200001,43.419998,42.049999,42.400002,42.400002,125700,77
2018-06-12,42.549999,42.900002,42.049999,42.25,42.25,165700,78
2018-06-13,42.25,42.849998,42.174999,42.700001,42.700001,114500,79
2018-06-14,42.849998,44,42.700001,43.700001,43.700001,156900,80
2018-06-15,43.450001,43.599998,42.799999,43.400002,43.400002,273900,81
2018-06-18,43.400002,44.349998,43,43.900002,43.900002,155700,82
2018-06-19,43.75,44.200001,43.299999,44.099998,44.099998,252000,83
2018-06-20,44.700001,46,44.349998,45.75,45.75,237700,84
2018-06-21,46.049999,46.5,45.25,46.099998,46.099998,200100,85
2018-06-22,46.299999,46.5,45.775002,46.5,46.5,365000,86
2018-06-25,46.450001,46.450001,45.450001,45.900002,45.900002,398700,87
2018-06-26,46,47.5,45.599998,47.400002,47.400002,280700,88
2018-06-27,47.549999,48,46.450001,46.450001,46.450001,198600,89
2018-06-28,46.450001,46.549999,45.349998,46.349998,46.349998,170800,90
2018-06-29,46.549999,46.700001,46,46.549999,46.549999,201200,91
2018-07-02,46.299999,47.799999,45.900002,47.75,47.75,252300,92
2018-07-03,48.049999,49.099998,48.049999,49,49,124900,93
2018-07-05,49.450001,51.599998,49.400002,51.349998,51.349998,411500,94
2018-07-06,51.599998,53.049999,51.5,52.900002,52.900002,553400,95
2018-07-09,52.900002,53.349998,51.5,52.150002,52.150002,501700,96
2018-07-10,52,52.950001,52,52.900002,52.900002,190900,97
2018-07-11,53.099998,53.200001,52.200001,52.599998,52.599998,289100,98
2018-07-12,52.75,52.75,52.125,52.200001,52.200001,169900,99
2018-07-13,52.049999,52.599998,52.049999,52.200001,52.200001,96900,100
2018-07-16,53,53.950001,52.200001,52.599998,52.599998,223000,101
2018-07-17,52.650002,52.950001,52.200001,52.450001,52.450001,167300,102
2018-07-18,52.400002,52.900002,52.200001,52.450001,52.450001,173600,103
2018-07-19,52.400002,52.5,51.650002,51.799999,51.799999,234700,104
2018-07-20,51.799999,52.646999,50.724998,50.950001,50.950001,225700,105
2018-07-23,50.650002,51.525002,50.450001,51.150002,51.150002,248200,106
2018-07-24,51.5,51.75,50.549999,50.849998,50.849998,229400,107
2018-07-25,50.75,50.75,49.450001,50,50,265400,108
2018-07-26,49.950001,50.450001,49.599998,50,50,183700,109
2018-07-27,50,50.25,48.75,49.150002,49.150002,137500,110
2018-07-30,49.049999,49.5,47.150002,49.049999,49.049999,154200,111
2018-07-31,49.200001,50,49.049999,49.700001,49.700001,238000,112
2018-08-01,49.700001,50.200001,49.200001,49.5,49.5,174500,113
2018-08-02,51.549999,62.25,50.049999,61.75,61.75,656500,114
2018-08-03,61.700001,62.799999,60.299999,61.450001,61.450001,280500,115
2018-08-06,61.799999,62.75,60,62.549999,62.549999,326700,116
2018-08-07,62.549999,64.900002,62.400002,63.25,63.25,317400,117
2018-08-08,63.299999,64.025002,62.200001,63.950001,63.950001,144400,118
2018-08-09,63.75,64.5,63,63.75,63.75,105200,119
2018-08-10,63.450001,64.557999,62.955002,63.799999,63.799999,165900,120
2018-08-13,63.700001,64.550003,63.099998,64.400002,64.400002,307900,121
2018-08-14,64.75,68.300003,64.75,67.199997,67.199997,245500,122
2018-08-15,67.150002,67.150002,64.300003,64.5,64.5,349100,123
2018-08-16,65,66.300003,64.525002,64.849998,64.849998,296300,124
2018-08-17,64.349998,64.400002,63.424999,63.900002,63.900002,261100,125
2018-08-20,63.900002,64.25,63.75,63.75,63.75,226300,126
2018-08-21,63.950001,65.099998,63.400002,64.599998,64.599998,306800,127
2018-08-22,64.449997,64.949997,63.900002,64.300003,64.300003,267500,128
2018-08-23,64.150002,65.349998,63.900002,64.150002,64.150002,137000,129
2018-08-24,64.099998,65.300003,64.099998,64.75,64.75,153800,130
2018-08-27,65.150002,65.699997,64.800003,65.050003,65.050003,134500,131
2018-08-28,65.050003,65.050003,63.049999,63.849998,63.849998,178800,132
2018-08-29,63.900002,65.150002,62.599998,65,65,161000,133
2018-08-30,65.25,65.599998,64.449997,64.699997,64.699997,165300,134
2018-08-31,64.400002,66.25,64.400002,66.050003,66.050003,173000,135
2018-09-04,65.900002,67.150002,65.449997,66.800003,66.800003,154800,136
2018-09-05,67,68.75,65.379997,68.25,68.25,303900,137
2018-09-06,68.25,69.098,67.300003,68.349998,68.349998,267800,138
2018-09-07,68.199997,69.25,67.400002,68,68,158900,139
2018-09-10,68.449997,70.349998,68.176003,69.75,69.75,273800,140
2018-09-11,69.550003,70.849998,68.650002,70.550003,70.550003,222400,141
2018-09-12,70.599998,71.800003,69.849998,69.849998,69.849998,274800,142
2018-09-13,69.900002,70.599998,67.900002,68.150002,68.150002,284400,143
2018-09-14,68.400002,70.199997,67.099998,69.949997,69.949997,300800,144
2018-09-17,69.800003,69.900002,68,68.849998,68.849998,363100,145
2018-09-18,69,70.300003,68.650002,69.75,69.75,206500,146
2018-09-19,69.699997,71.550003,69.550003,71.050003,71.050003,365900,147
2018-09-20,71.800003,72.800003,70.75,72.099998,72.099998,495300,148
2018-09-21,72.300003,73.099998,71.650002,71.849998,71.849998,600600,149
2018-09-24,71.650002,71.650002,69.800003,71,71,352700,150
2018-09-25,70.800003,70.800003,69.449997,69.949997,69.949997,348100,151
2018-09-26,70.099998,71,69.650002,69.849998,69.849998,245600,152
2018-09-27,69.900002,70.900002,68.904999,70,70,186100,153
2018-09-28,69.449997,71.474998,69.449997,70.050003,70.050003,301300,154
2018-10-01,70.489998,70.970001,66.699997,66.870003,66.870003,269700,155
2018-10-02,66.400002,68.222,65.760002,67.529999,67.529999,202300,156
2018-10-03,67.760002,69,67.709999,68.32,68.32,168200,157
2018-10-04,68.120003,68.285004,66.040001,66.5,66.5,167900,158
2018-10-05,66.559998,67.129997,65.279999,66.129997,66.129997,225400,159
2018-10-08,65.889999,66.279999,64.510002,65.059998,65.059998,258500,160
2018-10-09,64.989998,65.489998,63.689999,64.25,64.25,231800,161
2018-10-10,64,64,59.98,60.07,60.07,383800,162
2018-10-11,59.900002,61.349998,58.838001,58.919998,58.919998,418500,163
2018-10-12,59.970001,61.119999,58.509998,59.27,59.27,237700,164
2018-10-15,59.27,60.68,58.84,59.66,59.66,145000,165
2018-10-16,60.189999,61.540001,59.66,61.299999,61.299999,271000,166
2018-10-17,61.200001,62.490002,59.240002,60.389999,60.389999,144300,167
2018-10-18,60,60.34,58.23,58.540001,58.540001,147100,168
2018-10-19,58.939999,59.119999,56.915001,57.299999,57.299999,180000,169
2018-10-22,57.310001,58.09,56.384998,56.91,56.91,220200,170
2018-10-23,56.009998,56.009998,52.73,55.209999,55.209999,395400,171
2018-10-24,54.959999,55.23,51.41,51.580002,51.580002,380900,172
2018-10-25,52,53,51.695,52.389999,52.389999,332200,173
2018-10-26,51.560001,52.919998,50.02,51.779999,51.779999,273100,174
2018-10-29,52.549999,53.700001,49.970001,50.66,50.66,163800,175
2018-10-30,50.52,51.919998,50.200001,51.68,51.68,236500,176
2018-10-31,52.150002,54,52.150002,53.73,53.73,354800,177
2018-11-01,61.279999,66.919998,59.41,63.18,63.18,901200,178
2018-11-02,63.630001,64.410004,62.130001,63.919998,63.919998,388400,179
2018-11-05,63.970001,66.050003,63.525002,65.160004,65.160004,373000,180
2018-11-06,65.169998,67.660004,64.779999,67.349998,67.349998,303700,181
2018-11-07,67.559998,73.540001,66.860001,69.209999,69.209999,905500,182
2018-11-08,69.080002,69.080002,66.32,67.699997,67.699997,221400,183
2018-11-09,67.010002,67.050003,64.629997,66.93,66.93,207400,184
2018-11-12,67.230003,68.290001,65.730003,67.269997,67.269997,170600,185
2018-11-13,67.830002,70.07,66.970001,68.940002,68.940002,262200,186
2018-11-14,69.529999,70.088997,68.010002,68.690002,68.690002,247100,187
2018-11-15,68.019997,71.690002,66.949997,71.68,71.68,267000,188
2018-11-16,70.980003,75.489998,70.839996,75.169998,75.169998,822900,189
2018-11-19,75.349998,76.769997,71.010002,72.760002,72.760002,346800,190
2018-11-20,71.160004,71.974998,66.900002,67.150002,67.150002,391800,191
2018-11-21,67.440002,69.400002,67.349998,67.589996,67.589996,249500,192
2018-11-23,65.459999,65.459999,61.41,63.189999,63.189999,292900,193
2018-11-26,63.779999,66.089996,63.484001,65.900002,65.900002,217500,194
2018-11-27,65.910004,66.480003,63.07,63.27,63.27,302500,195
2018-11-28,63.279999,64.824997,62.240002,64.68,64.68,383100,196
2018-11-29,64.550003,66.879997,64.239998,65.949997,65.949997,235000,197
2018-11-30,65.57,67.855003,63.287998,63.709999,63.709999,605100,198
2018-12-03,65.339996,66.379997,63.779999,64.900002,64.900002,377600,199
2018-12-04,64.669998,65.970001,61.956001,63.25,63.25,257400,200
2018-12-06,62.330002,64.285004,60.48,64.050003,64.050003,380000,201
2018-12-07,64.220001,65.464996,61.169998,61.700001,61.700001,225900,202
2018-12-10,62.07,64.470001,60.91,64.190002,64.190002,370100,203
2018-12-11,65.410004,67.970001,63.700001,65.489998,65.489998,512900,204
2018-12-12,66.360001,67.82,64.620003,65.260002,65.260002,286500,205
2018-12-13,65.440002,66.760002,62.970001,64.050003,64.050003,215000,206
2018-12-14,63.18,64.555,60.950001,61.48,61.48,328100,207
2018-12-17,61.509998,63.501999,59.119999,59.419998,59.419998,376300,208
2018-12-18,60.200001,61.334999,59.59,60.009998,60.009998,400000,209
2018-12-19,60.330002,63.490002,58.639999,58.740002,58.740002,414100,210
2018-12-20,58.700001,59.450001,55.77,56,56,425700,211
2018-12-21,56.09,57.724998,53.970001,54.029999,54.029999,691500,212
2018-12-24,53.450001,54.990002,52.580002,53.73,53.73,116700,213
2018-12-26,54.23,56.535,52.82,56.290001,56.290001,269400,214
2018-12-27,55.290001,58.040001,54.740002,58.029999,58.029999,244200,215
2018-12-28,58.310001,61.334999,57.720001,59.93,59.93,578800,216
2018-12-31,60.32,60.779999,58.02,58.869999,58.869999,336600,217
2019-01-02,57.810001,59.465,56.509998,56.990002,56.990002,283700,218
2019-01-03,56.639999,57.5,54.209999,56.220001,56.220001,297000,219
2019-01-04,57.07,59.650002,56.189999,59.290001,59.290001,171500,220
2019-01-07,59.310001,61.060001,58.400002,60.389999,60.389999,263900,221
2019-01-08,60.93,62.450001,58.220001,62.389999,62.389999,223500,222
2019-01-09,62.740002,65.139999,62.450001,64.620003,64.620003,236500,223
2019-01-10,64.019997,65.260002,63.599998,64.870003,64.870003,271800,224
2019-01-11,64.919998,65.714996,62.549999,62.950001,62.950001,253800,225
2019-01-14,62.439999,63.790001,62,62.509998,62.509998,190100,226
2019-01-15,62.360001,63.095001,61.650002,62.900002,62.900002,206600,227
2019-01-16,63.049999,64.309998,61.830002,63.82,63.82,243400,228
2019-01-17,63.389999,64.639999,63.259998,64.389999,64.389999,261300,229
2019-01-18,64.389999,64.389999,62.5,63.91,63.91,232200,230
2019-01-22,63.490002,64.169998,60.610001,61.130001,61.130001,233900,231
2019-01-23,61.48,62.332001,60.09,60.650002,60.650002,193500,232
2019-01-24,60.66,61.41,60.384998,60.98,60.98,208800,233
2019-01-25,61.529999,61.618,60.369999,60.759998,60.759998,165000,234
2019-01-28,60.23,60.799999,59.41,60.060001,60.060001,147000,235
2019-01-29,59.919998,60.564999,59.099998,59.419998,59.419998,140700,236
2019-01-30,59.860001,60.23,58.650002,59.400002,59.400002,167000,237
2019-01-31,59.369999,59.73,57.880001,59.330002,59.330002,443600,238
2019-02-01,59.32,61.709999,58.761002,59.540001,59.540001,592100,239
2019-02-04,59.490002,63.200001,58.860001,61.98,61.98,259800,240
2019-02-05,62.139999,62.91,61.490002,61.740002,61.740002,209600,241
2019-02-06,61.73,62.169998,60.84,60.889999,60.889999,177800,242
2019-02-07,60.290001,60.75,58.689999,60.189999,60.189999,230900,243
2019-02-08,59.889999,61.189999,58.099998,60.580002,60.580002,458800,244
2019-02-11,60.810001,61.919998,59.900002,61.869999,61.869999,238800,245
2019-02-12,62.040001,62.82,60.91,62.34,62.34,237800,246
2019-02-13,62.48,63.198002,59.630001,60.23,60.23,237300,247
2019-02-14,59.849998,60.360001,59.509998,59.860001,59.860001,229500,248
2019-02-15,60.380001,61.259998,58.400002,61.16,61.16,890300,249
2019-02-19,61.439999,62.93,60.740002,61.889999,61.889999,330500,250
2019-02-20,61.970001,62.419998,60.869999,61.869999,61.869999,241700,251
2019-02-21,61.799999,62.5,60.529999,62.029999,62.029999,126100,252
2019-02-22,62.369999,62.77,61.290001,61.669998,61.669998,155400,253
2019-02-25,62.049999,62.93,61.311001,62.849998,62.849998,239200,254
2019-02-26,62.689999,63.130001,61.130001,61.130001,61.130001,314100,255
2019-02-27,64.839996,69.870003,62.689999,63.43,63.43,865600,256
2019-02-28,63.880001,63.880001,60.349998,63.380001,63.380001,332300,257
2019-03-01,63.91,64.910004,62.549999,64.510002,64.510002,274300,258
2019-03-04,64.68,65.010002,63.5,64.150002,64.150002,215800,259
2019-03-05,64.419998,65,63.16,64.349998,64.349998,186100,260
2019-03-06,64.330002,65,63.310001,63.52,63.52,527600,261
2019-03-07,63.23,63.674999,61.950001,63.349998,63.349998,170800,262
2019-03-08,62.77,63.669998,62.77,63.57,63.57,128700,263
2019-03-11,65,67.699997,64.57,67.419998,67.419998,286000,264
2019-03-12,67.559998,67.875999,66.974998,67.360001,67.360001,159100,265
2019-03-13,68,68.330002,67.120003,67.199997,67.199997,454300,266
2019-03-14,67.239998,67.239998,66.260002,66.43,66.43,151500,267
2019-03-15,66.5,66.889999,66.080002,66.68,66.68,306600,268
2019-03-18,66.699997,69.139999,66.68,68.93,68.93,306800,269
2019-03-19,69.459999,69.459999,68.675003,69.019997,69.019997,212100,270
2019-03-20,69.290001,71.699997,68.360001,70,70,296000,271
2019-03-21,69.550003,71.300003,69.290001,70.82,70.82,252800,272
2019-03-22,70.519997,70.519997,68.610001,68.629997,68.629997,310900,273
2019-03-25,68.629997,70.964996,68.254997,70.330002,70.330002,220100,274
2019-03-26,70.919998,71.43,69.419998,69.589996,69.589996,325200,275
2019-03-27,69.529999,69.599998,67.440002,68.68,68.68,146300,276
2019-03-28,69.019997,70.267998,68.639999,69.669998,69.669998,169800,277
2019-03-29,70.339996,70.370003,69.379997,69.889999,69.889999,195300,278
2019-04-01,70.370003,73.400002,70.360001,73.309998,73.309998,274400,279
2019-04-02,73.639999,74.239998,71.190002,72.220001,72.220001,197800,280
2019-04-03,73.169998,73.989998,72.690002,73.620003,73.620003,126800,281
2019-04-04,73.760002,75.150002,73.690002,74.949997,74.949997,137400,282
2019-04-05,75.160004,75.513,74.07,74.879997,74.879997,169300,283
2019-04-08,74.669998,75.089996,74.165001,74.989998,74.989998,160600,284
2019-04-09,74.639999,75.019997,74.019997,74.25,74.25,188800,285
2019-04-10,74.330002,76.370003,74.120003,75.989998,75.989998,171500,286
2019-04-11,75.949997,76.139999,74.68,75.410004,75.410004,174700,287
2019-04-12,76.269997,78.040001,75.870003,77.529999,77.529999,227100,288
2019-04-15,77.550003,77.995003,76.410004,77.870003,77.870003,194300,289
2019-04-16,78.360001,79.040001,77.809998,79,79,243200,290
2019-04-17,79.459999,79.459999,78.010002,78.510002,78.510002,305500,291
2019-04-18,78.199997,78.260002,77.120003,77.889999,77.889999,156700,292
2019-04-22,77.690002,78.662003,76.919998,77.449997,77.449997,154800,293
2019-04-23,77.650002,78.375,75.279999,77.440002,77.440002,230900,294
2019-04-24,77.440002,78.800003,77.010002,77.760002,77.760002,121500,295
2019-04-25,77.650002,77.650002,75.690002,77.290001,77.290001,119800,296
2019-04-26,77.529999,79.07,77.375,78.239998,78.239998,119600,297
2019-04-29,78.580002,78.580002,76.885002,77.370003,77.370003,122900,298
2019-04-30,76.959999,77.870003,76.349998,77.599998,77.599998,232100,299
2019-05-01,77.620003,77.620003,75.425003,75.739998,75.739998,351800,300
2019-05-02,70.300003,76.75,70,75.32,75.32,242800,301
2019-05-03,76.050003,77.739998,74.559998,77.519997,77.519997,188400,302
2019-05-06,75.830002,76.889999,74.734001,76.830002,76.830002,185200,303
2019-05-07,75.970001,76.300003,74.080002,74.940002,74.940002,172900,304
2019-05-08,74.550003,75.739998,72.559998,74.279999,74.279999,398100,305
2019-05-09,73.419998,74.790001,72.860001,74.589996,74.589996,257400,306
2019-05-10,74.349998,76.160004,72.68,75.949997,75.949997,183800,307
2019-05-13,74.150002,74.5,70.849998,71.129997,71.129997,259900,308
2019-05-14,71.519997,72.339996,71.010002,71.629997,71.629997,135600,309
2019-05-15,70.75,72.379997,70.199997,72.120003,72.120003,131000,310
2019-05-16,72.279999,72.970001,70.589996,70.730003,70.730003,179800,311
2019-05-17,70,70.790001,69.120003,69.370003,69.370003,141800,312
2019-05-20,68.730003,69.330002,67.559998,69.080002,69.080002,115500,313
2019-05-21,69.610001,70.699997,67.529999,70.489998,70.489998,127500,314
2019-05-22,70.150002,70.940002,67.989998,68,68,170000,315
2019-05-23,67.339996,67.5,65.07,65.650002,65.650002,374100,316
2019-05-24,66.139999,67.970001,65.949997,67.93,67.93,114700,317
2019-05-28,68.040001,69.974998,67.360001,67.709999,67.709999,225400,318
2019-05-29,67.169998,67.82,66.379997,67.699997,67.699997,142600,319
2019-05-30,67.639999,68.279999,66.934998,67.510002,67.510002,118200,320
2019-05-31,66.18,67.449997,66.160004,67.019997,67.019997,179700,321
2019-06-03,67.809998,68.309998,66.629997,67.470001,67.470001,332400,322
2019-06-04,68.779999,69.910004,67.529999,69.900002,69.900002,165100,323
2019-06-05,70,70.400002,68.005997,70.040001,70.040001,216500,324
2019-06-06,70.169998,70.527,68.040001,69.959999,69.959999,199000,325
2019-06-07,70,71.830002,69.790001,71.5,71.5,161000,326
2019-06-10,72.050003,74.809998,71.739998,72.529999,72.529999,169200,327
2019-06-11,73.410004,73.510002,70.669998,72.099998,72.099998,266000,328
2019-06-12,72.169998,74.360001,72.040001,73.510002,73.510002,239600,329
2019-06-13,74.059998,74.389999,72.720001,73.489998,73.489998,196800,330
2019-06-14,73.349998,74.25,72.5,72.839996,72.839996,144800,331
2019-06-17,73.169998,74.160004,72.110001,73.25,73.25,192200,332
2019-06-18,74.029999,75.150002,73.349998,74.519997,74.519997,130100,333
2019-06-19,74.599998,77.18,73.750999,77,77,173400,334
2019-06-20,78.050003,78.879997,77.769997,78.57,78.57,195200,335
2019-06-21,78.190002,80.839996,77.860001,80.110001,80.110001,316500,336
2019-06-24,80.550003,80.744003,79.080002,79.089996,79.089996,249400,337
2019-06-25,79.129997,80.029999,77.75,78.419998,78.419998,305500,338
2019-06-26,78.849998,79.809998,78,79.779999,79.779999,181700,339
2019-06-27,80.639999,81.919998,79.93,81.510002,81.510002,227200,340
2019-06-28,81.769997,83.739998,81.75,82.510002,82.510002,725600,341
2019-07-01,83.82,85.040001,83.150002,84.589996,84.589996,263900,342
2019-07-02,84.349998,84.839996,82.535004,82.860001,82.860001,179800,343
2019-07-03,83.43,83.800003,82.330002,83.669998,83.669998,65500,344
2019-07-05,83.739998,84.389999,83.32,84.160004,84.160004,110200,345
2019-07-08,83.57,84.18,81.919998,82.309998,82.309998,167000,346
2019-07-09,81.720001,82.019997,79.68,80.610001,80.610001,212900,347
2019-07-10,81.050003,81.959999,80.035004,80.349998,80.349998,125300,348
2019-07-11,80.120003,80.75,79.040001,79.660004,79.660004,146000,349
2019-07-12,80.129997,81.245003,79.309998,80.940002,80.940002,186000,350
2019-07-15,81.190002,81.540001,80.199997,81.18,81.18,131500,351
2019-07-16,80.889999,82.099998,80.559998,81.57,81.57,151900,352
2019-07-17,81.900002,82.040001,80.724998,81.629997,81.629997,143500,353
2019-07-18,81.260002,82.110001,80.540001,81.099998,81.099998,107800,354
2019-07-19,81.290001,82.279999,79.137001,80.639999,80.639999,179500,355
2019-07-22,80.849998,82.309998,80.120003,80.25,80.25,126900,356
2019-07-23,80.75,83.449997,80.75,83.400002,83.400002,153200,357
2019-07-24,83.110001,86.75,82.43,86.269997,86.269997,195800,358
2019-07-25,85.959999,86.849998,85.470001,85.889999,85.889999,208100,359
2019-07-26,86.309998,86.790001,85.379997,86.419998,86.419998,161800,360
2019-07-29,86.349998,86.910004,83.205002,83.32,83.32,228800,361
2019-07-30,82.400002,83.129997,80.910004,82.839996,82.839996,232200,362
2019-07-31,83.089996,84.510002,79.834999,80.080002,80.080002,321000,363
2019-08-01,85.639999,85.639999,71.449997,77.300003,77.300003,654900,364
2019-08-02,76.800003,76.800003,73.470001,75.650002,75.650002,201400,365
2019-08-05,74.050003,74.980003,72.43,74.040001,74.040001,301900,366
2019-08-06,74.690002,75.809998,73.080002,73.980003,73.980003,149700,367
2019-08-07,72.790001,73.300003,71.589996,72.389999,72.389999,280400,368
2019-08-08,73.25,74.195,72.360001,74.07,74.07,131100,369
2019-08-09,73.57,74.150002,72.470001,74,74,183100,370
2019-08-12,73.220001,73.849998,70.739998,73.510002,73.510002,181100,371
2019-08-13,73.339996,75.959999,72.510002,75.440002,75.440002,191200,372
2019-08-14,74.029999,74.32,72.959999,73.959999,73.959999,261900,373
2019-08-15,73.660004,74.129997,72.5,73.199997,73.199997,214700,374
2019-08-16,73.959999,75.459999,73.470001,74.709999,74.709999,161500,375
2019-08-19,76,76.57,75.099998,76.25,76.25,162500,376
2019-08-20,76.160004,76.440002,75.25,75.379997,75.379997,159300,377
2019-08-21,76.339996,77,75.349998,76.400002,76.400002,141000,378
2019-08-22,76.370003,77.330002,75.419998,76.160004,76.160004,157300,379
2019-08-23,75.540001,76.120003,72.790001,73.309998,73.309998,193000,380
2019-08-26,74.339996,74.904999,73.129997,73.790001,73.790001,106500,381
2019-08-27,74.419998,74.739998,73.349998,73.870003,73.870003,149300,382
2019-08-28,73.370003,73.660004,70.639999,70.790001,70.790001,361800,383
2019-08-29,71.900002,73.290001,71.639999,72.610001,72.610001,126300,384
2019-08-30,72.970001,73.089996,71.669998,72.040001,72.040001,157600,385
2019-09-03,71.910004,71.980003,67.870003,68.269997,68.269997,217700,386
2019-09-04,68.839996,69.949997,66.660004,67.300003,67.300003,169000,387
2019-09-05,68.440002,69.949997,67.989998,68.75,68.75,285900,388
2019-09-06,69,69.269997,66.089996,66.589996,66.589996,311900,389
2019-09-09,66.989998,68.040001,66.5,66.900002,66.900002,210700,390
2019-09-10,66.620003,68.25,64.839996,67.620003,67.620003,234900,391
2019-09-11,68.099998,69.82,67.099998,69.169998,69.169998,201000,392
2019-09-12,69.459999,69.940002,67.160004,67.599998,67.599998,225400,393
2019-09-13,68.129997,68.797997,67.010002,67.75,67.75,324600,394
2019-09-16,67.32,68.209999,66.019997,66.559998,66.559998,318200,395
2019-09-17,66.449997,67.614998,65.18,67.389999,67.389999,249300,396
2019-09-18,67.980003,67.980003,63.945,65.110001,65.110001,324300,397
2019-09-19,65.449997,65.449997,63.220001,63.580002,63.580002,265700,398
2019-09-20,63.150002,64.559998,62.34,63.299999,63.299999,507800,399
2019-09-23,62.970001,63.720001,61.77,62.66,62.66,277500,400
2019-09-24,62.93,63.400002,60.66,61.099998,61.099998,272000,401
2019-09-25,61.16,62.200001,60.540001,61.799999,61.799999,192500,402
2019-09-26,61.73,61.900002,59.630001,60.43,60.43,340100,403
2019-09-27,61.029999,62,60.240002,61.619999,61.619999,237100,404
2019-09-30,61.619999,62.75,61.259998,62.240002,62.240002,263500,405
2019-10-01,62.200001,63.25,61.669998,61.990002,61.990002,365000,406
2019-10-02,60.950001,61.650002,59.610001,60.740002,60.740002,367800,407
2019-10-03,60.349998,60.740002,59.560001,60.619999,60.619999,321700,408
2019-10-04,60.560001,61.5,59.700001,60.209999,60.209999,204300,409
2019-10-07,59.41,60.93,59.009998,60.41,60.41,286400,410
2019-10-08,59.759998,60.560001,59.490002,59.810001,59.810001,401500,411
2019-10-09,60.349998,61.41,59.780998,61.02,61.02,151600,412
2019-10-10,61.130001,61.900002,60.860001,60.950001,60.950001,165900,413
2019-10-11,61.889999,64.709999,60.470001,63.959999,63.959999,332800,414
2019-10-14,63.630001,64.510002,63.23,63.580002,63.580002,126400,415
2019-10-15,63.799999,64.989998,63.799999,64.400002,64.400002,105600,416
2019-10-16,64.260002,66.18,64.260002,65.970001,65.970001,169200,417
2019-10-17,66.190002,67.040001,65.739998,66.760002,66.760002,193700,418
2019-10-18,66.419998,67.239998,65.980003,66.25,66.25,188000,419
2019-10-21,66.779999,67.019997,63.240002,63.290001,63.290001,299200,420
2019-10-22,63.299999,63.32,62.220001,62.400002,62.400002,235100,421
2019-10-23,62.32,62.849998,61.66,62.810001,62.810001,182800,422
2019-10-24,62.810001,63.139999,62.220001,62.82,62.82,189300,423
2019-10-25,62.880001,63.587002,62.310001,62.380001,62.380001,151900,424
2019-10-28,62.630001,64.379997,62.404999,63.5,63.5,214100,425
2019-10-29,63.279999,64.360001,62.91,64.300003,64.300003,165800,426
2019-10-30,63.799999,64.800003,63.759998,63.98,63.98,197300,427
2019-10-31,64,64.099998,59.799999,60.939999,60.939999,711300,428
2019-11-01,60.619999,62.650002,60.529999,62.099998,62.099998,218600,429
2019-11-04,62.59,64.370003,61.900002,62.93,62.93,264100,430
2019-11-05,62.869999,64.5,62.254002,63.439999,63.439999,190600,431
2019-11-06,63.560001,64.080002,63.209999,63.790001,63.790001,176400,432
2019-11-07,64.419998,66.160004,63.970001,64.550003,64.550003,213500,433
2019-11-08,64.459999,65.394997,64.199997,65.389999,65.389999,106300,434
2019-11-11,64.910004,65.110001,64.050003,64.82,64.82,129600,435
2019-11-12,64.75,65,62.900002,63.220001,63.220001,139600,436
2019-11-13,62.740002,63.900002,62.400002,62.880001,62.880001,129000,437
2019-11-14,62.52,63.919998,62.040001,63.689999,63.689999,138400,438
2019-11-15,64.25,64.449997,62.98,63.52,63.52,123100,439
2019-11-18,63.419998,64.279999,62.669998,64.18,64.18,117400,440
2019-11-19,64.550003,64.849998,62.738998,62.939999,62.939999,140300,441
2019-11-20,62.860001,64.07,61.93,62.41,62.41,228500,442
2019-11-21,62.599998,62.919998,60.790001,60.98,60.98,202400,443
2019-11-22,61.360001,62.66,61.110001,62.459999,62.459999,151800,444
2019-11-25,62.830002,66.330002,62.580002,66.269997,66.269997,173100,445
2019-11-26,66,66.75,65.470001,66.480003,66.480003,180700,446
2019-11-27,66.919998,66.919998,65.849998,66.82,66.82,121300,447
2019-11-29,66.449997,66.720001,65.779999,65.93,65.93,69300,448
2019-12-02,66.199997,66.839996,65.754997,66.190002,66.190002,126800,449
2019-12-03,65.239998,65.639999,63.689999,64.150002,64.150002,119400,450
2019-12-04,64.68,67.029999,64.665001,66.32,66.32,276400,451
2019-12-05,66.43,66.778999,64.360001,64.940002,64.940002,181900,452
2019-12-06,65.440002,66.139999,65.279999,65.730003,65.730003,168200,453
2019-12-09,65.510002,65.720001,63.790001,63.84,63.84,133900,454
2019-12-10,64.099998,66.120003,63.57,65.910004,65.910004,138900,455
2019-12-11,66.099998,66.589996,65.199997,66.480003,66.480003,111700,456
2019-12-12,66.379997,68.190002,66.089996,67.900002,67.900002,164700,457
2019-12-13,67.900002,68.192001,64.309998,64.779999,64.779999,128300,458
2019-12-16,65.510002,67.190002,65.419998,65.720001,65.720001,145400,459
2019-12-17,65.989998,67.555,65.330002,66.769997,66.769997,128100,460
2019-12-18,66.970001,68.379997,66.290001,68.220001,68.220001,135300,461
2019-12-19,68.089996,68.509003,67.160004,67.894997,67.894997,158300,462
2019-12-20,68.440002,68.989998,67.480003,68.099998,68.099998,412000,463
2019-12-23,68.589996,69.470001,68.124001,69.389999,69.389999,96600,464
2019-12-24,69.379997,69.419998,68.540001,69.410004,69.410004,47600,465
2019-12-26,69.510002,69.599998,67.870003,68.239998,68.239998,102400,466
2019-12-27,68.839996,69.625,68.32,69.300003,69.300003,147200,467
2019-12-30,69.379997,69.910004,68.459999,69.660004,69.660004,94600,468
2019-12-31,69.32,69.989998,69.087997,69.57,69.57,111600,469
2020-01-02,70.019997,71.07,69.260002,70.949997,70.949997,140500,470
2020-01-03,69.940002,70.830002,69.419998,69.779999,69.779999,166600,471
2020-01-06,69.57,69.57,67.220001,67.529999,67.529999,204900,472
2020-01-07,67.540001,68.110001,67.099998,67.989998,67.989998,110700,473
2020-01-08,67.93,68.945,67.93,68.230003,68.230003,128900,474
2020-01-09,68.650002,68.836998,67.190002,67.300003,67.300003,149300,475
2020-01-10,67.5,67.989998,66.809998,66.860001,66.860001,158000,476
2020-01-13,67,67.565002,66.400002,67.199997,67.199997,234300,477
2020-01-14,67.099998,69.379997,67.053001,68.290001,68.290001,173600,478
2020-01-15,67.949997,69.074997,65.470001,65.900002,65.900002,216400,479
2020-01-16,66.57,68.07,66.525002,67.07,67.07,189800,480
2020-01-17,67.690002,68.849998,66.910004,68.75,68.75,177600,481
2020-01-21,68.209999,69.989998,68.209999,69.260002,69.260002,153600,482
2020-01-22,69.709999,70.699997,68.849998,70.129997,70.129997,81500,483
2020-01-23,69.860001,71.449997,69.07,71.190002,71.190002,189200,484
2020-01-24,71.099998,71.099998,69.599998,70.089996,70.089996,137800,485
2020-01-27,68.580002,69.977997,68.580002,69,69,66500,486
2020-01-28,69.360001,71.150002,68.970001,70.82,70.82,106800,487
2020-01-29,71.050003,71.440002,69.379997,69.559998,69.559998,79600,488
2020-01-30,68.93,70.32,67.489998,68.220001,68.220001,196100,489
2020-01-31,67.940002,68.199997,65.269997,65.82,65.82,170300,490
2020-02-03,66.57,70.209999,65.980003,69.980003,69.980003,244200,491
2020-02-04,71.440002,72.105003,70.75,71.449997,71.449997,103900,492
2020-02-05,72.389999,72.389999,70.080002,71.300003,71.300003,151100,493
2020-02-06,71.68,71.709999,67.629997,68.480003,68.480003,125200,494
2020-02-07,68.080002,69.220001,67.675003,68.599998,68.599998,75900,495
2020-02-10,68.389999,69.339996,67.974998,68.68,68.68,108800,496
2020-02-11,69.010002,69.839996,68.542999,68.75,68.75,80400,497
2020-02-12,69.160004,69.160004,67.860001,68.75,68.75,193800,498
2020-02-13,71.790001,79.190002,71.790001,76.18,76.18,515900,499
2020-02-14,76.199997,77.949997,74.684998,75.279999,75.279999,195900,500
2020-02-18,75.099998,75.365997,73.620003,73.879997,73.879997,112300,501
2020-02-19,74,74,71.379997,71.860001,71.860001,156200,502
2020-02-20,71.449997,73.379997,71.064003,72.839996,72.839996,122600,503
2020-02-21,72.760002,73.400002,72.184998,72.970001,72.970001,127900,504
2020-02-24,70.120003,73.050003,69.919998,72.25,72.25,177400,505
2020-02-25,72.879997,72.989998,69.529999,70.089996,70.089996,234200,506
2020-02-26,70.43,70.949997,67.010002,67.470001,67.470001,95400,507
2020-02-27,65.870003,68.349998,65.25,65.849998,65.849998,188500,508
2020-02-28,63.639999,65.629997,61.915001,63.400002,63.400002,297300,509
2020-03-02,63.740002,65.120003,61.869999,63.439999,63.439999,259800,510
2020-03-03,63.439999,64.650002,59.25,60.689999,60.689999,364600,511
2020-03-04,67.720001,69.849998,61.59,64.809998,64.809998,471600,512
2020-03-05,63.540001,65.260002,61.560001,62.349998,62.349998,334800,513
2020-03-06,60.610001,62.310001,60.220001,62.049999,62.049999,308800,514
2020-03-09,59.009998,59.57,56.75,57.880001,57.880001,525900,515
2020-03-10,59.700001,59.700001,51.950001,57.040001,57.040001,390000,516
2020-03-11,55.459999,56.16,52.34,54.139999,54.139999,245800,517
2020-03-12,50.490002,53.008999,47.5,48.334999,48.334999,287500,518
2020-03-13,51.259998,54.099998,48.209999,51.5,51.5,411800,519
2020-03-16,46.73,48.959999,43.900002,45.98,45.98,413300,520
2020-03-17,46.84,52.529999,44.884998,50.959999,50.959999,484000,521
2020-03-18,47.830002,48.872002,45.073002,47.07,47.07,422900,522
2020-03-19,46.880001,56.959999,45.976002,55.880001,55.880001,511000,523
2020-03-20,56.549999,58.965,47.849998,48.41,48.41,488700,524
2020-03-23,48.299999,48.299999,43.209999,45.080002,45.080002,295300,525
2020-03-24,47.619999,51.490002,44.875,50.34,50.34,383700,526
2020-03-25,49.810001,50.130001,42.41,43.400002,43.400002,618500,527
2020-03-26,43.540001,46.66,40.099998,43.349998,43.349998,763100,528
2020-03-27,41.240002,43.830002,39.299999,39.580002,39.580002,508600,529
2020-03-30,37.23,42.799999,35.511002,41.669998,41.669998,585000,530
2020-03-31,42.540001,43.18,39.634998,42,42,448700,531
2020-04-01,40.639999,41.82,37.009998,37.48,37.48,444300,532
2020-04-02,37.009998,38.299999,34.580002,36.150002,36.150002,309400,533
2020-04-03,36.240002,37.509998,35.540001,36.150002,36.150002,349500,534
2020-04-06,37.400002,42.830002,37.400002,42.290001,42.290001,365600,535
2020-04-07,44.560001,47.450001,43.91,45.110001,45.110001,460700,536
2020-04-08,45.5,48.34,44.639999,47.849998,47.849998,339100,537
2020-04-09,49.02,50.93,47.981998,50.459999,50.459999,231500,538
2020-04-13,49.689999,49.689999,42.200001,42.959999,42.959999,684000,539
2020-04-14,43.91,48.389999,43.099998,47.695,47.695,665300,540
2020-04-15,46.66,46.66,40.68,42.009998,42.009998,663600,541
2020-04-16,42.34,43.999001,41.709999,42.830002,42.830002,417800,542
2020-04-17,44.650002,46.150002,43.130001,43.25,43.25,433900,543
2020-04-20,42,43,41.174999,42.09,42.09,305400,544
2020-04-21,40.27,41.394001,39.529999,40.150002,40.150002,203600,545
2020-04-22,41.009998,41.73,39.919998,41.400002,41.400002,178600,546
2020-04-23,41.68,43.306999,41.494999,41.889999,41.889999,249100,547
2020-04-24,42.290001,44.060001,40.514999,43.23,43.23,261700,548
2020-04-27,43.98,46,43.759998,45.439999,45.439999,261000,549
2020-04-28,47.07,49.16,46.709999,49.150002,49.150002,440700,550
2020-04-29,51.41,56.490002,50.935001,55.630001,55.630001,841500,551
2020-04-30,54.049999,54.419998,50.450001,51.009998,51.009998,491100,552
2020-05-01,49.439999,50.5,47.139999,50.02,50.02,335800,553
2020-05-04,49.34,50.619999,48.669998,50.139999,50.139999,279200,554
2020-05-05,51.669998,53.02,50.619999,52,52,347800,555
2020-05-06,52.779999,54.09,51.419998,54,54,310900,556
2020-05-07,52.130001,55.560001,50.91,54.200001,54.200001,651200,557
2020-05-08,55.650002,58.09,54.830002,56.77,56.77,340800,558
2020-05-11,55.41,58.779999,54.91,57.950001,57.950001,363600,559
2020-05-12,58.040001,60.07,58.040001,59.049999,59.049999,573200,560
2020-05-13,58.130001,58.669998,55.970001,56.200001,56.200001,765000,561
2020-05-14,54.650002,55.009998,51.630001,53.93,53.93,494400,562
2020-05-15,53.560001,56.369999,52.740002,56.099998,56.099998,324800,563
2020-05-18,59.330002,66.239998,59.07,63.66,63.66,573100,564
2020-05-19,61.380001,64.889999,60.810001,62.700001,62.700001,450600,565
2020-05-20,64.110001,65.449997,63.615002,63.77,63.77,668900,566
2020-05-21,63.959999,65.639999,62.75,65.019997,65.019997,343300,567
2020-05-22,65.160004,67.800003,64.535004,67.540001,67.540001,224100,568
2020-05-26,71.290001,72.349998,68.480003,69.489998,69.489998,453500,569
2020-05-27,70.860001,75.760002,69.480003,75.68,75.68,416700,570
2020-05-28,77.089996,77.089996,67.75,68.029999,68.029999,359600,571
2020-05-29,70.599998,72.880997,68.940002,72.110001,72.110001,559600,572
2020-06-01,72.199997,73.889999,70.621002,73.110001,73.110001,306600,573
2020-06-02,73.790001,75.269997,72.629997,73.940002,73.940002,281200,574
2020-06-03,75.239998,79.739998,75.199997,76,76,444100,575
2020-06-04,75.290001,81.690002,74.629997,80.529999,80.529999,344200,576
2020-06-05,86.940002,91.839996,84,88.669998,88.669998,765500,577
2020-06-08,89.279999,90.690002,85.599998,87.510002,87.510002,316700,578
2020-06-09,85.459999,89.199997,85.459999,86.980003,86.980003,237200,579
2020-06-10,86.739998,86.919998,81.935997,85.110001,85.110001,269200,580
2020-06-11,77.519997,81.805,77.349998,78.470001,78.470001,312400,581
2020-06-12,81.220001,84.07,79.525002,82.290001,82.290001,269000,582
2020-06-15,79.519997,86.260002,78.769997,84.93,84.93,254600,583
2020-06-16,86.410004,89.139999,83.139999,83.830002,83.830002,294100,584
2020-06-17,84.43,84.889999,80.760002,82.480003,82.480003,223400,585
2020-06-18,76.25,81.940002,76.139999,78.120003,78.120003,1908800,586
2020-06-19,78.5,80.470001,76.504997,78.220001,78.220001,578500,587
2020-06-22,78.510002,81.559998,77.099998,80.410004,80.410004,474400,588
2020-06-23,82.040001,84.349998,81.110001,81.860001,81.860001,401600,589
2020-06-24,80.940002,82.650002,77.620003,78.510002,78.510002,331500,590
2020-06-25,77.93,82.199997,76.669998,81.839996,81.839996,506400,591
2020-06-26,81.120003,82.739998,78.629997,79.544998,79.544998,1066400,592
2020-06-29,80.900002,83.400002,79.68,81.629997,81.629997,338200,593
2020-06-30,81.279999,84.830002,80.209,82.610001,82.610001,382200,594
2020-07-01,82.480003,83.139999,80.580002,81.550003,81.550003,277900,595
2020-07-02,83.589996,83.589996,80.68,81.849998,81.849998,241600,596
2020-07-06,84.599998,88.410004,83.839996,88.379997,88.379997,623800,597
2020-07-07,87.470001,87.730003,83.540001,84.360001,84.360001,288200,598
2020-07-08,84.449997,86.915001,82.019997,83.93,83.93,231100,599
2020-07-09,84.040001,85.300003,80.114998,82.150002,82.150002,205300,600
2020-07-10,82.290001,83.870003,80.932999,83.309998,83.309998,187300,601
2020-07-13,85.400002,86.529999,82.080002,84.010002,84.010002,325200,602
2020-07-14,79.529999,82.139999,71.370003,80.870003,80.870003,915200,603
2020-07-15,83.029999,85.75,81.529999,84.68,84.68,324600,604
2020-07-16,83.779999,85.339996,82.019997,84.769997,84.769997,248900,605
2020-07-17,84.269997,86.449997,82.739998,83.260002,83.260002,211600,606
2020-07-20,82.889999,84.040001,79.449997,82.18,82.18,175900,607
2020-07-21,83.629997,85.010002,81.370003,83.860001,83.860001,170400,608
2020-07-22,84.059998,86.669998,83.410004,86.57,86.57,204700,609
2020-07-23,87.019997,89.739998,85.110001,86.139999,86.139999,328500,610
2020-07-24,84.860001,88.339996,81.880997,85.959999,85.959999,231600,611
2020-07-27,86.190002,90.68,84.769997,90.089996,90.089996,245700,612
2020-07-28,89.660004,90.480003,87.330002,89.089996,89.089996,300000,613
2020-07-29,89.940002,94.379997,89.669998,93.080002,93.080002,341100,614
2020-07-30,91.849998,91.870003,89.139999,90.440002,90.440002,230400,615
2020-07-31,90.889999,90.974998,86.559998,89,89,276600,616
2020-08-03,90.699997,96.400002,88.5,95.309998,95.309998,380800,617
2020-08-04,95.089996,96.419998,91.959999,93.160004,93.160004,337200,618
2020-08-05,94.980003,98.190002,93.559998,98.019997,98.019997,397500,619
2020-08-06,98.07,109.120003,94.32,106.720001,106.720001,662600,620
2020-08-07,106.400002,111.980003,106,107.629997,107.629997,388900,621
2020-08-10,108,109.720001,104.309998,106.919998,106.919998,414500,622
2020-08-11,107.919998,111.209999,106.93,108.199997,108.199997,358100,623
2020-08-12,110.290001,112.400002,108.900002,110.160004,110.160004,249200,624
2020-08-13,110.139999,111.894997,108.890999,111.290001,111.290001,231100,625
2020-08-14,110.839996,112.525002,110.540001,111.370003,111.370003,162600,626
2020-08-17,112.400002,113.410004,110.220001,110.470001,110.470001,263300,627
2020-08-18,110.410004,111.980003,108.234001,109.769997,109.769997,255800,628
2020-08-19,109,111.550003,107.339996,107.959999,107.959999,520600,629
2020-08-20,106.050003,107.330002,103.470001,106.860001,106.860001,258900,630
2020-08-21,106.150002,107,104.269997,106.129997,106.129997,245200,631
2020-08-24,107.580002,108.599998,105.760002,107.709999,107.709999,203100,632
2020-08-25,108.5,108.5,103,106.309998,106.309998,202000,633
2020-08-26,107.160004,108.199997,105.160004,105.279999,105.279999,301500,634
2020-08-27,104.849998,106.699997,102.440002,102.669998,102.669998,180300,635
2020-08-28,103.510002,105.480003,99.817001,103.5,103.5,184300,636
2020-08-31,103.339996,104.300003,100.620003,100.809998,100.809998,321200,637
2020-09-01,100.650002,100.82,99.620003,100,100,329600,638
2020-09-02,101.199997,102.029999,97.82,98.82,98.82,467300,639
2020-09-03,98.540001,98.790001,90.915001,91.809998,91.809998,416700,640
2020-09-04,92.93,94.529999,83.900002,88.279999,88.279999,647400,641
2020-09-08,82.519997,84.605003,79.599998,80.940002,80.940002,1017000,642
2020-09-09,82.43,83.973,78.559998,81.989998,81.989998,579800,643
2020-09-10,82.599998,83.010002,78.919998,79.300003,79.300003,473200,644
2020-09-11,79.860001,80.110001,75.470001,76.800003,76.800003,403600,645
2020-09-14,77.419998,77.419998,74.339996,76.169998,76.169998,386400,646
2020-09-15,76.620003,78,73.544998,74.32,74.32,419500,647
2020-09-16,74.300003,74.349998,72.599998,73.209999,73.209999,550300,648
2020-09-17,71.400002,76.239998,71.32,75.589996,75.589996,534500,649
2020-09-18,78.940002,82.68,72.389999,73.620003,73.620003,8461800,650
2020-09-21,72.230003,73.93,70.580002,73.120003,73.120003,557600,651
2020-09-22,75.089996,76.360001,72.279999,76.040001,76.040001,722100,652
2020-09-23,75.459999,76.860001,71.82,72.099998,72.099998,672300,653
2020-09-24,71.290001,74.110001,69.949997,72.739998,72.739998,401600,654
2020-09-25,72.589996,74.190002,71.910004,73.059998,73.059998,320300,655
2020-09-28,74.889999,76.019997,73.474998,75.800003,75.800003,337900,656
2020-09-29,75.769997,77.019997,73.82,74.089996,74.089996,296000,657
2020-09-30,74.360001,76.739998,73.139999,74.330002,74.330002,761000,658
2020-10-01,74.470001,76.540001,73.525002,76.43,76.43,490500,659
2020-10-02,74.330002,78.720001,74.010002,78.279999,78.279999,288800,660
2020-10-05,79.440002,82.470001,79.434998,81.470001,81.470001,381000,661
2020-10-06,81.949997,83.360001,80.349998,80.989998,80.989998,242600,662
2020-10-07,82.010002,85.550003,82.010002,85.459999,85.459999,326700,663
2020-10-08,87.080002,87.419998,84.029999,85.059998,85.059998,348600,664
2020-10-09,85.900002,88.487999,83.690002,87.699997,87.699997,422300,665
2020-10-12,87.739998,88.480003,85.580002,87.019997,87.019997,205500,666
2020-10-13,86.080002,89.470001,86.080002,88.5,88.5,272000,667
2020-10-14,89.190002,89.769997,87.080002,87.339996,87.339996,123400,668
2020-10-15,86.830002,88.959999,85.610001,88.82,88.82,133000,669
2020-10-16,88.68,89.203003,86.535004,87.209999,87.209999,159900,670
2020-10-19,87.709999,89.199997,85.489998,85.730003,85.730003,221100,671
2020-10-20,87.019997,87.650002,83.5,84.080002,84.080002,249600,672
2020-10-21,85.025002,85.635002,82.650002,82.68,82.68,237100,673
2020-10-22,83.089996,85.25,82.779999,84.790001,84.790001,252000,674
2020-10-23,85.889999,87.290001,84.150002,86.300003,86.300003,142700,675
2020-10-26,84.959999,85.940002,82.540001,85.889999,85.889999,238900,676
2020-10-27,85.610001,86.502998,84.660004,85.660004,85.660004,118900,677
2020-10-28,83.529999,85.57,82.480003,85.220001,85.220001,365000,678
2020-10-29,85.209999,88.559998,84.279999,87.400002,87.400002,385600,679
2020-10-30,86.660004,87.400002,82.739998,84.080002,84.080002,450400,680
2020-11-02,85.419998,88.809998,83.345001,87.449997,87.449997,273700,681
2020-11-03,88.540001,91.43,87.190002,90.839996,90.839996,260100,682
2020-11-04,89.82,91.389999,88.459999,91.160004,91.160004,230800,683
2020-11-05,92.589996,96.379997,90.693001,96.089996,96.089996,279900,684
2020-11-06,96.110001,98.010002,93.190002,97.32,97.32,245000,685
2020-11-09,104.230003,105.25,83.43,83.480003,83.480003,663100,686
2020-11-10,85.139999,87.970001,80.050003,85.360001,85.360001,659300,687
2020-11-11,85.360001,94.720001,85.360001,93.639999,93.639999,529800,688
2020-11-12,95.489998,95.489998,86.25,87,87,255000,689
2020-11-13,87.5,89.010002,84,85.25,85.25,254000,690
2020-11-16,86.169998,86.169998,81.900002,81.970001,81.970001,433100,691
2020-11-17,82.724998,83.830002,81.110001,83.589996,83.589996,466200,692
2020-11-18,84.019997,87.129997,83.68,85.550003,85.550003,405900,693
2020-11-19,85.32,85.752998,79.110001,80.050003,80.050003,605800,694
2020-11-20,80.660004,82.980003,78.203003,81.230003,81.230003,635600,695
2020-11-23,82.220001,87.690002,81.849998,86.529999,86.529999,259900,696
2020-11-24,87.459999,88.470001,84.580002,88.260002,88.260002,262600,697
2020-11-25,87.830002,89.150002,87.002998,88.959999,88.959999,231000,698
2020-11-27,88.849998,90.449997,87.769997,90.300003,90.300003,124800,699
2020-11-30,89.760002,91.269997,85.290001,87.269997,87.269997,340100,700
2020-12-01,88,91.129997,87.230003,89.889999,89.889999,400200,701
2020-12-02,88.620003,90.459999,87.150002,89.879997,89.879997,175700,702
2020-12-03,90.379997,91.860001,89.519997,90.089996,90.089996,192600,703
2020-12-04,89.870003,94.589996,89.870003,94.459999,94.459999,222700,704
2020-12-07,94.239998,95.860001,93.25,95.440002,95.440002,191200,705
2020-12-08,94.959999,98.5,94.150002,98.190002,98.190002,247200,706
2020-12-09,99.050003,101.019997,98.724998,99.019997,99.019997,249600,707
2020-12-10,97.470001,99.57,96.848,98.489998,98.489998,149300,708
2020-12-11,97.709999,99.239998,94.550003,96.699997,96.699997,220100,709
2020-12-14,97.059998,98.650002,96.860001,97.129997,97.129997,209200,710
2020-12-15,98.580002,98.93,95.629997,98.68,98.68,272900,711
2020-12-16,98.75,100.25,97.099998,99.830002,99.830002,215200,712
2020-12-17,100.089996,103.260002,97.889999,101.589996,101.589996,315300,713
2020-12-18,103.730003,105.220001,102.050003,102.139999,102.139999,552600,714
2020-12-21,104.830002,107.839996,102.25,103.910004,103.910004,346500,715
2020-12-22,104.669998,106.449997,102.389999,104.68,104.68,227300,716
2020-12-23,105.029999,107.010002,104.510002,105.879997,105.879997,143900,717
2020-12-24,105.849998,107.089996,103.860001,106.589996,106.589996,85700,718
2020-12-28,108.190002,108.889999,106.769997,106.860001,106.860001,205800,719
2020-12-29,106.610001,106.610001,104.089996,105.449997,105.449997,153500,720
2020-12-30,105.5,107.589996,104.989998,107.25,107.25,160600,721
2020-12-31,107.779999,108.110001,104.809998,105.709999,105.709999,218000,722
2021-01-04,106.360001,107.5,101.815002,103.410004,103.410004,185400,723
2021-01-05,103.620003,108.629997,103.559998,108.160004,108.160004,242300,724
2021-01-06,108.940002,114.57,108.940002,113.449997,113.449997,324000,725
2021-01-07,114.75,118.449997,114.75,118.199997,118.199997,205600,726
2021-01-08,119.43,120,117.470001,119.040001,119.040001,238700,727
2021-01-11,118.290001,124.150002,109,123.599998,123.599998,235900,728
2021-01-12,123.830002,128.899994,122.754997,127.25,127.25,208700,729
2021-01-13,126.449997,128.020004,125.410004,125.830002,125.830002,221400,730
2021-01-14,127.089996,128.5,125.139999,127.370003,127.370003,265700,731
2021-01-15,125.769997,126.870003,120.370003,124.550003,124.550003,255300,732
2021-01-19,126.940002,127.269997,123.014999,124.040001,124.040001,243200,733
2021-01-20,125.800003,130.860001,125.665001,128.550003,128.550003,222300,734
2021-01-21,129.449997,129.520004,126.010002,126.089996,126.089996,189300,735
2021-01-22,125.519997,127.120003,123.519997,124.650002,124.650002,227300,736
2021-01-25,123.910004,127.410004,120.540001,124.360001,124.360001,250800,737
2021-01-26,125.239998,126.230003,123.239998,124.239998,124.239998,128400,738
2021-01-27,120.440002,126.019997,120.099998,122.879997,122.879997,218100,739
2021-01-28,124.699997,126.07,120.199997,122.190002,122.190002,172100,740
2021-01-29,124.199997,125.32,118.110001,119.639999,119.639999,173100,741
2021-02-01,121.830002,124.919998,118.57,124.309998,124.309998,155300,742
2021-02-02,126.650002,129.110001,124.279999,127.360001,127.360001,174600,743
2021-02-03,127.059998,129.690002,124.43,129.240005,129.240005,133300,744
2021-02-04,129.940002,133.139999,129.380005,130.699997,130.699997,192500,745
2021-02-05,132.830002,136.050003,131.539993,135.910004,135.910004,203000,746
2021-02-08,138.279999,141.339996,137,139.820007,139.820007,162800,747
2021-02-09,140.350006,142.740005,138.089996,139.619995,139.619995,303800,748
2021-02-10,141.710007,143.289993,136.179993,137.5,137.5,202700,749
2021-02-11,138.949997,140.399994,132.309998,134.429993,134.429993,296100,750
2021-02-12,133.660004,135.910004,131.365997,134.339996,134.339996,301400,751
2021-02-16,135.729996,138.910004,132.660004,133.779999,133.779999,149000,752
2021-02-17,132.070007,135.970001,131.115005,135.059998,135.059998,209800,753
2021-02-18,135.929993,139.570007,134.289993,134.509995,134.509995,261200,754
2021-02-19,135.589996,140.380005,135.460007,137.880005,137.880005,774500,755
2021-02-22,135.669998,141.285004,135.669998,138.940002,138.940002,290700,756
2021-02-23,136.100006,140.669998,130.899994,140.240005,140.240005,271000,757
2021-02-24,141.740005,144.255005,139.492996,141.75,141.75,225600,758
2021-02-25,140.800003,141.880005,130.699997,131,131,363100,759
2021-02-26,128.919998,132.830002,126.059998,127.150002,127.150002,419500,760
2021-03-01,130.350006,136.960007,128.529999,134.279999,134.279999,201600,761
2021-03-02,133.139999,133.139999,127.855003,128.610001,128.610001,389000,762
2021-03-03,130.399994,132.889999,127.150002,127.269997,127.269997,399600,763
2021-03-04,126.440002,127.330002,118.050003,121.709999,121.709999,274600,764
2021-03-05,124.120003,124.264999,117.589996,124.169998,124.169998,274900,765
2021-03-08,125.360001,129.990005,123.870003,126.120003,126.120003,227000,766
2021-03-09,128.830002,133.270004,126.489998,132.460007,132.460007,562700,767
2021-03-10,134.610001,139.255005,134.479996,136.580002,136.580002,236700,768
2021-03-11,137.720001,137.820007,133.169998,135.309998,135.309998,265600,769
2021-03-12,134.059998,136.820007,132.479996,136.529999,136.529999,323600,770
2021-03-15,136.850006,139.600006,132.985001,139.229996,139.229996,264100,771
2021-03-16,138.949997,142.710007,137.440002,140.880005,140.880005,217900,772
2021-03-17,139.119995,141,135.880005,140.259995,140.259995,259900,773
2021-03-18,138.800003,139.669998,130.779999,131.399994,131.399994,188200,774
2021-03-19,130.449997,136.190002,129.5,134.380005,134.380005,538000,775
2021-03-22,135.110001,135.110001,129.610001,133.160004,133.160004,206000,776
2021-03-23,131.210007,132,127.580002,128.809998,128.809998,282100,777
2021-03-24,130.089996,131.837006,122.279999,122.32,122.32,237200,778
2021-03-25,120.959999,127.339996,118.839996,126.690002,126.690002,186600,779
2021-03-26,127.769997,130.809998,123.612999,129.880005,129.880005,155500,780
2021-03-29,129.199997,130.268005,125,125.5,125.5,185500,781
2021-03-30,125.129997,127.860001,123.489998,127.43,127.43,209100,782
2021-03-31,128.630005,130.110001,126.75,127.059998,127.059998,380000,783
2021-04-01,128.559998,132.279999,126.5,130.630005,130.630005,222200,784
2021-04-05,132.770004,132.779999,129.960007,132.5,132.5,136000,785
2021-04-06,132.880005,134.923996,132,132.800003,132.800003,116000,786
2021-04-07,133.059998,133.059998,128.770004,129.610001,129.610001,126000,787
2021-04-08,130.740005,132.850006,128.248993,132.850006,132.850006,105400,788
2021-04-09,132.119995,133.994995,129.270004,133.589996,133.589996,166100,789
2021-04-12,134.25,135.800003,132.889999,134.779999,134.779999,147300,790
2021-04-13,135.619995,137.059998,133.860001,136.740005,136.740005,144300,791
2021-04-14,137.059998,139.699997,135.673004,137.279999,137.279999,147600,792
2021-04-15,139.059998,139.5,134.940002,139.279999,139.279999,165300,793
2021-04-16,140.690002,142.279999,139.940002,141.220001,141.220001,149600,794
2021-04-19,141.070007,141.070007,135.940002,140.460007,140.460007,271100,795
2021-04-20,139.759995,142.740005,139.289993,142.559998,142.559998,532200,796
2021-04-21,142.5,147.617004,141.669998,145.149994,145.149994,456200,797
2021-04-22,146.589996,150.330002,141.160004,149.380005,149.380005,414600,798
2021-04-23,150.660004,160.220001,150.539993,157.669998,157.669998,676100,799
2021-04-26,159.490005,165.550003,156.669998,164.789993,164.789993,632300,800
2021-04-27,165,166.880005,159.949997,163.380005,163.380005,750200,801
2021-04-28,163.380005,165.869995,158.949997,159.610001,159.610001,326700,802
2021-04-29,161.419998,161.419998,156.139999,156.990005,156.990005,252400,803
2021-04-30,152.940002,156,150.970001,153.229996,153.229996,376700,804
2021-05-03,154.940002,155.419998,152.070007,153.380005,153.380005,249600,805
2021-05-04,152.190002,154.309998,148.110001,153.779999,153.779999,531900,806
2021-05-05,155.25,155.25,149.649994,150.029999,150.029999,169600,807
2021-05-06,150.289993,151.955002,146.811996,150.710007,150.710007,252400,808
2021-05-07,158.990005,164.688004,154.539993,160.300003,160.300003,557300,809
2021-05-10,158.755005,159.899994,155.089996,156.119995,156.119995,310600,810
2021-05-11,151.389999,156.100006,149.369995,155.089996,155.089996,324100,811
2021-05-12,152.520004,154.029999,149.009995,150,150,396000,812
2021-05-13,151.350006,155.830002,151.050003,152.610001,152.610001,578600,813
2021-05-14,153.990005,159.028,153.240005,156.529999,156.529999,319300,814
2021-05-17,156.429993,159.979996,153.419998,158.270004,158.270004,179200,815
2021-05-18,158.630005,159.720001,156.309998,156.429993,156.429993,390200,816
2021-05-19,153.949997,156.520004,151.850006,155.740005,155.740005,156100,817
2021-05-20,157.100006,157.110001,152.75,154.169998,154.169998,182300,818
2021-05-21,156.130005,157.979996,153.380005,154.320007,154.320007,143800,819
2021-05-24,155.520004,156.600006,153.229996,153.639999,153.639999,132400,820
2021-05-25,155.179993,156.5,152.039993,152.070007,152.070007,359000,821
2021-05-26,152.850006,155.085007,151.360001,154.649994,154.649994,256000,822
2021-05-27,156.600006,161.229996,154,154.080002,154.080002,520700,823
2021-05-28,153.679993,155.479996,150.139999,155.479996,155.479996,241600,824
2021-06-01,156.990005,158.580002,155.535004,156.080002,156.080002,143100,825
2021-06-02,157.449997,157.975006,151.460007,152.550003,152.550003,256100,826
2021-06-03,152.330002,153.919998,147.259995,149.199997,149.199997,269900,827
2021-06-04,150.460007,153.25,147.880005,150.339996,150.339996,176400,828
2021-06-07,150.479996,151.860001,148.789993,149.259995,149.259995,141900,829
2021-06-08,149.850006,149.850006,147.559998,147.940002,147.940002,299000,830
2021-06-09,147.550003,147.550003,144.399994,144.679993,144.679993,188500,831
2021-06-10,145.220001,146.600006,142.169998,142.889999,142.889999,156300,832
2021-06-11,143.660004,144.589996,141.949997,144.520004,144.520004,208300,833
2021-06-14,145.100006,145.199997,141.929993,142.610001,142.610001,163800,834
2021-06-15,142.199997,144.809998,141.979996,144.089996,144.089996,195200,835
2021-06-16,143.690002,144.789993,141.330002,144.240005,144.240005,179900,836
2021-06-17,144.639999,144.669998,139.410004,143.839996,143.839996,242700,837
2021-06-18,143.429993,144.880005,140.800003,141.320007,141.320007,521300,838
2021-06-21,143.639999,148.330002,142.485001,146.5,146.5,228700,839
2021-06-22,145.919998,147.880005,144.25,146.779999,146.779999,110100,840
2021-06-23,147.490005,150.024994,147.100006,147.970001,147.970001,203500,841
2021-06-24,150.139999,151.710007,149.559998,151.259995,151.259995,109600,842
2021-06-25,152.119995,154.309998,150.975006,153.929993,153.929993,407300,843
2021-06-28,154.770004,155.630005,152.389999,154.850006,154.850006,148300,844
2021-06-29,156.130005,157.061005,154.710007,156.550003,156.550003,110900,845
2021-06-30,155.289993,159.110001,155.279999,155.660004,155.660004,320900,846
2021-07-01,156.839996,158.639999,155.839996,156.279999,156.279999,157300,847
2021-07-02,157.070007,157.330002,154.929993,155.25,155.25,104400,848
2021-07-06,155.649994,155.990005,150.699997,152.539993,152.539993,115900,849
2021-07-07,152.479996,155.960007,150.5,155.410004,155.410004,117200,850
2021-07-08,152.610001,155.259995,150.009995,153.970001,153.970001,116700,851
2021-07-09,155.809998,158.289993,154.990005,157.860001,157.860001,92300,852
2021-07-12,157.809998,159.229996,156.309998,159.050003,159.050003,136200,853
2021-07-13,157.820007,159.589996,152.889999,153.970001,153.970001,116800,854
2021-07-14,155.139999,156.328003,152.899994,153.979996,153.979996,69700,855
2021-07-15,153.589996,154.809998,150.154999,151.570007,151.570007,123400,856
2021-07-16,152.979996,152.979996,148.460007,148.610001,148.610001,110800,857
2021-07-19,145.809998,154.889999,144.100006,153.089996,153.089996,227400,858
2021-07-20,153.440002,160.639999,152.348007,158.649994,158.649994,222100,859
2021-07-21,159.589996,162.25,156.690002,157.289993,157.289993,150200,860
2021-07-22,158.139999,159.649994,156.990005,157.960007,157.960007,103400,861
2021-07-23,158.960007,164.570007,156.800003,164.020004,164.020004,138200,862
2021-07-26,164.380005,166.889999,159.199997,160.850006,160.850006,214000,863
2021-07-27,160,160.139999,154.690002,155.130005,155.130005,176400,864
2021-07-28,156.520004,159.539993,154.740005,157.990005,157.990005,149500,865
2021-07-29,160.199997,166.149994,160.160004,163.240005,163.240005,140600,866
2021-07-30,162.149994,164.949997,160.770004,161.539993,161.539993,125300,867
2021-08-02,163.139999,164.369995,159.399994,159.710007,159.710007,109300,868
2021-08-03,160.410004,162.380005,160.029999,161.089996,161.089996,160100,869
2021-08-04,159.869995,161.009995,155.139999,155.149994,155.149994,188100,870
2021-08-05,156.179993,160.399994,154.270996,159.229996,159.229996,213400,871
2021-08-06,159.565002,172.25,154.080002,158.179993,158.179993,139300,872
2021-08-09,156.970001,156.970001,153.830002,155.770004,155.770004,99700,873
2021-08-10,155.240005,161.860001,154.481995,160.119995,160.119995,149200,874
2021-08-11,161.100006,161.990005,158.910004,161.5,161.5,97500,875
2021-08-12,160.770004,160.770004,158.074997,158.479996,158.479996,87200,876
2021-08-13,158.110001,158.880005,155.220001,158.509995,158.509995,82800,877
2021-08-16,158.009995,161.729996,156.440002,160.399994,160.399994,93700,878
2021-08-17,158.059998,158.059998,149.255005,152.190002,152.190002,173800,879
2021-08-18,152.300003,153.860001,148.300003,148.589996,148.589996,149300,880
2021-08-19,146.830002,151.550003,144.660004,146.399994,146.399994,113400,881
2021-08-20,145.949997,152.240005,145.949997,151.919998,151.919998,117300,882
2021-08-23,153.550003,155.389999,152.220001,152.679993,152.679993,105100,883
2021-08-24,152.800003,155.5,150.779999,155.270004,155.270004,86900,884
2021-08-25,155.970001,157.134003,154.350006,155.139999,155.139999,86400,885
2021-08-26,155.729996,156.509995,149.539993,149.880005,149.880005,95800,886
2021-08-27,149.759995,156.380005,149.759995,155,155,150600,887
2021-08-30,155.520004,155.869995,152,153.809998,153.809998,126100,888
2021-08-31,154.399994,154.399994,149.75,153.669998,153.669998,138000,889
2021-09-01,153.550003,153.550003,148.75,149.059998,149.059998,191500,890
2021-09-02,150,153.209,147.945007,152.610001,152.610001,140400,891
2021-09-03,152.479996,152.479996,149.740005,151.690002,151.690002,84500,892
2021-09-07,151.839996,156.210007,150.529999,151.389999,151.389999,141000,893
2021-09-08,150.550003,150.800003,146.600006,148.139999,148.139999,84000,894
2021-09-09,148.529999,152.660004,145.240005,151.149994,151.149994,125300,895
2021-09-10,152.649994,154.520004,149.229996,151.410004,151.410004,148600,896
2021-09-13,153.399994,156.714005,148.600006,149.960007,149.960007,86100,897
2021-09-14,151.080002,152.020004,146.589996,147.190002,147.190002,91800,898
2021-09-15,147.190002,150.25,145.619995,148.630005,148.630005,177700,899
2021-09-16,147.630005,148.524994,143.520004,144.75,144.75,180500,900
2021-09-17,145.550003,148.5,142.020004,144.960007,144.960007,593000,901
2021-09-20,140.869995,142.985001,137.429993,142.910004,142.910004,217900,902
2021-09-21,145.589996,146.130005,142,145.369995,145.369995,139700,903
2021-09-22,146.220001,152.210007,146.039993,150.5,150.5,206300,904
2021-09-23,152.470001,155.660004,151.690002,154.259995,154.259995,163500,905
2021-09-24,152.660004,153.009995,148.399994,148.479996,148.479996,183300,906
2021-09-27,147.770004,149.710007,146.940002,147.479996,147.479996,148800,907
2021-09-28,146.660004,148.490005,145.020004,145.649994,145.649994,207000,908
2021-09-29,147.449997,148.070007,144.804993,146.300003,146.300003,181800,909
2021-09-30,147.389999,147.389999,143.304993,144.539993,144.539993,323900,910
2021-10-01,145.990005,148.889999,141.389999,147.5,147.5,159900,911
2021-10-04,147.910004,148.432999,143.429993,147.220001,147.220001,164400,912
2021-10-05,147.440002,150.671005,146.410004,148.970001,148.970001,222200,913
2021-10-06,146.520004,146.669998,142.399994,144.460007,144.460007,126500,914
2021-10-07,145.869995,150.199997,144.970001,147.070007,147.070007,139700,915
2021-10-08,148.800003,149.940002,146.669998,148.820007,148.820007,81000,916
2021-10-11,148.070007,149.710007,147.160004,147.339996,147.339996,128700,917
2021-10-12,148.830002,150.759995,147.559998,149.080002,149.080002,136900,918
2021-10-13,149.690002,151.639999,148.324997,151.059998,151.059998,107100,919
2021-10-14,153,156.699997,151.169998,156.320007,156.320007,158100,920
2021-10-15,158.789993,161.330002,156.949997,157.199997,157.199997,144300,921
2021-10-18,155.899994,157.600006,154.899994,156.130005,156.130005,106400,922
2021-10-19,156.300003,157.160004,151.889999,152,152,120300,923
2021-10-20,152,153.550003,148.259995,148.869995,148.869995,107200,924
2021-10-21,149.470001,151.710007,149.470001,150.75,150.75,78100,925
2021-10-22,151.399994,154.589996,149.264999,153.820007,153.820007,84000,926
2021-10-25,155.100006,159.949997,153,159.169998,159.169998,108700,927
2021-10-26,158.979996,158.979996,153.380005,154.779999,154.779999,155500,928
2021-10-27,155.190002,155.190002,150.050003,151.649994,151.649994,129900,929
2021-10-28,153.429993,154.5,151.800003,154.080002,154.080002,117600,930
2021-10-29,153.919998,161.195007,153.919998,160.949997,160.949997,157800,931
2021-11-01,161.309998,165.350006,161.059998,163.220001,163.220001,214800,932
2021-11-02,163.770004,169.360001,161.005005,168.350006,168.350006,189100,933
2021-11-03,168.850006,175.789993,167.339996,173.660004,173.660004,285000,934
2021-11-04,174,177.539993,173.259995,174.080002,174.080002,226200,935
2021-11-05,181.210007,189.580002,177.190002,180.589996,180.589996,311700,936
2021-11-08,181.050003,181.610001,177.009995,178.669998,178.669998,193900,937
2021-11-09,179.690002,184.660004,178.365005,184.369995,184.369995,270400,938
2021-11-10,182.729996,184.580002,180.440002,182.289993,182.289993,172200,939
2021-11-11,184.029999,184.990005,181.550003,182.330002,182.330002,98400,940
2021-11-12,183,184.408997,180.841003,183.279999,183.279999,67500,941
2021-11-15,184.880005,187.940002,182.089996,187.929993,187.929993,120400,942
2021-11-16,187.679993,190.289993,186.809998,187.809998,187.809998,160000,943
2021-11-17,187.809998,189.080002,185.770004,187.179993,187.179993,185100,944
2021-11-18,188.309998,188.309998,184.729996,187.639999,187.639999,166700,945
2021-11-19,187.899994,188.654999,183.289993,184.490005,184.490005,98900,946
2021-11-22,185.380005,186.985001,182.464996,184.990005,184.990005,141800,947
2021-11-23,185.660004,186.710007,181.419998,185.309998,185.309998,86000,948
2021-11-24,183.850006,184.309998,181.100006,183.440002,183.440002,83600,949
2021-11-26,177.360001,178.039993,172.949997,175.350006,175.350006,104000,950
2021-11-29,179.169998,179.699997,173.850006,175.589996,175.589996,131500,951
2021-11-30,175.240005,177.860001,172.716995,175.770004,175.770004,163100,952
2021-12-01,180.690002,182.369995,172.929993,173.199997,173.199997,199100,953
2021-12-02,174.369995,181.389999,172.218994,179.990005,179.990005,160500,954
2021-12-03,180.729996,182.990005,175.229996,177.5,177.5,147300,955
2021-12-06,179.75,183.039993,177.145004,181.649994,181.649994,103700,956
2021-12-07,183.820007,188.479996,182.339996,182.509995,182.509995,177600,957
2021-12-08,182.75,184.169998,180.020004,182.25,182.25,151000,958
2021-12-09,180.589996,185.294998,176.899994,177.699997,177.699997,125700,959
2021-12-10,180.050003,180.199997,175.979996,176.75,176.75,152400,960
2021-12-13,176.199997,177.544998,172.869995,174.369995,174.369995,103600,961
2021-12-14,173.820007,174.889999,171.039993,172.520004,172.520004,146400,962
2021-12-15,172.279999,172.279999,166.054993,168.850006,168.850006,234400,963
2021-12-16,170.570007,170.570007,160.350006,160.529999,160.529999,223900,964
2021-12-17,157.960007,163.470001,157.529999,158.899994,158.899994,420600,965
2021-12-20,156.559998,158.139008,151.039993,155.009995,155.009995,185900,966
2021-12-21,157.360001,159.210007,156.380005,158.899994,158.899994,146600,967
2021-12-22,158.490005,163.779999,158.490005,162.649994,162.649994,131900,968
2021-12-23,164.630005,165.925003,162.979996,163.690002,163.690002,93500,969
2021-12-27,163.399994,166.429993,163.399994,165.490005,165.490005,115500,970
2021-12-28,165.649994,166.210007,162.910004,164.350006,164.350006,100000,971
2021-12-29,164.479996,165.800003,163.440002,165.160004,165.160004,68900,972
2021-12-30,165.089996,168.850006,164.699997,167.710007,167.710007,114300,973
2021-12-31,167.710007,170.699997,167.710007,170.100006,170.100006,89700,974
2022-01-03,171.580002,171.800003,162.490005,164.389999,164.389999,150900,975
2022-01-04,165.320007,168.669998,163.860001,166.600006,166.600006,141900,976
2022-01-05,167.800003,167.800003,156.755005,157.259995,157.259995,159600,977
2022-01-06,158.380005,164.229996,154.240005,161.949997,161.949997,168100,978
2022-01-07,161.130005,161.210007,156.630005,159.850006,159.850006,168900,979
2022-01-10,157.350006,158.559998,153.139999,158.080002,158.080002,122000,980
2022-01-11,159.729996,159.729996,155.380005,158.279999,158.279999,132900,981
2022-01-12,159.059998,161.565002,155.899994,156.050003,156.050003,144000,982
2022-01-13,157.490005,158.619995,151.279999,152.339996,152.339996,108800,983
2022-01-14,150.070007,152.75,147.289993,149.419998,149.419998,126200,984
2022-01-18,146.880005,147.309998,142.294998,143.279999,143.279999,158000,985
2022-01-19,142.669998,145.425003,138.059998,142.380005,142.380005,259800,986
2022-01-20,143.919998,143.919998,134,134.460007,134.460007,259700,987
2022-01-21,133.5,134.440002,127.470001,127.489998,127.489998,218100,988
2022-01-24,125.089996,133.899994,121.239998,133.570007,133.570007,353800,989
2022-01-25,131.25,133,125.010002,128.660004,128.660004,184900,990
2022-01-26,133.009995,138.410004,123.419998,124.849998,124.849998,275500,991
2022-01-27,125.690002,128.809998,121.639999,122.440002,122.440002,306900,992
2022-01-28,123.139999,125.220001,118.419998,124.910004,124.910004,395800,993
2022-01-31,125.050003,134.059998,125.050003,133.070007,133.070007,388000,994
2022-02-01,133.979996,134.755005,130.279999,134.039993,134.039993,141500,995
2022-02-02,134.309998,136.820007,128.365005,128.850006,128.850006,211500,996
2022-02-03,127.059998,130.029999,125.68,126.389999,126.389999,186000,997
2022-02-04,125,126.800003,123.019997,125.589996,125.589996,140000,998
2022-02-07,125.330002,129.270004,123.807999,128.259995,128.259995,175400,999
2022-02-08,128.380005,133.050003,127.894997,131.919998,131.919998,130200,1000
2022-02-09,133.789993,135.699997,133.339996,134.369995,134.369995,113800,1001
2022-02-10,130.100006,134.595001,127.269997,128.669998,128.669998,199500,1002
2022-02-11,129.699997,132.289993,123.690002,124.029999,124.029999,217800,1003
2022-02-14,124.730003,128.610001,124.730003,125.739998,125.739998,293100,1004
2022-02-15,128.429993,129.740005,126.529999,127.910004,127.910004,150000,1005
2022-02-16,126.839996,129.600006,125.305,129.029999,129.029999,127400,1006
2022-02-17,127.269997,129.020004,123.544998,123.879997,123.879997,110100,1007
2022-02-18,123.610001,123.610001,119.43,121.540001,121.540001,284900,1008
2022-02-22,121.410004,123.684998,119.449997,120.900002,120.900002,128000,1009
2022-02-23,122.68,122.68,116.425003,116.919998,116.919998,323200,1010
2022-02-24,111.970001,124.760002,110.639999,124.660004,124.660004,289100,1011
2022-02-25,130,131.720001,121.230003,123.349998,123.349998,439500,1012
2022-02-28,121.889999,124.440002,117.638,118.019997,118.019997,361800,1013
2022-03-01,117.559998,118.239998,107.139999,108.650002,108.650002,525900,1014
2022-03-02,110.599998,116.114998,110.565002,115.540001,115.540001,471900,1015
2022-03-03,116.389999,116.389999,107.949997,108.82,108.82,151100,1016
2022-03-04,107.919998,108.779999,102.669998,103.580002,103.580002,380400,1017
2022-03-07,104.330002,104.330002,96.07,96.559998,96.559998,464700,1018
2022-03-08,97.629997,100.959999,94.660004,95.339996,95.339996,494800,1019
2022-03-09,99.010002,103.790001,98.580002,101.75,101.75,515200,1020
2022-03-10,99,102.440002,97.260002,100.550003,100.550003,262000,1021
2022-03-11,101.639999,103.050003,98.800003,101.574997,101.574997,432500,1022
2022-03-14,102.550003,104.775002,100.964996,103.980003,103.980003,532200,1023
2022-03-15,103.980003,105.364998,101.839996,101.900002,101.900002,300800,1024
2022-03-16,103.610001,105,100.07,103.279999,103.279999,399200,1025
2022-03-17,101.75,105.150002,101.445,104.93,104.93,152200,1026
2022-03-18,104.330002,108.290001,103.400002,107.879997,107.879997,306800,1027
2022-03-21,107.410004,107.769997,104.074997,105.150002,105.150002,149600,1028
2022-03-22,105.529999,107.019997,104.330002,106.199997,106.199997,165800,1029
2022-03-23,104.480003,104.519997,96.900002,98,98,429400,1030
2022-03-24,98.980003,98.980003,93.419998,98.43,98.43,459500,1031
2022-03-25,99.150002,99.440002,96.199997,98.739998,98.739998,268600,1032
2022-03-28,99.25,99.709999,96.709999,99.489998,99.489998,196900,1033
2022-03-29,101.879997,105.220001,101.410004,103.099998,103.099998,223400,1034
2022-03-30,101.959999,105.18,100.459999,101.519997,101.519997,258300,1035
2022-03-31,101.239998,102.510002,97.93,97.949997,97.949997,183200,1036
2022-04-01,99.370003,100.275002,97.25,100.089996,100.089996,213400,1037
2022-04-04,99.980003,102.529999,98.330002,101.019997,101.019997,139500,1038
2022-04-05,100.18,100.18,94.764999,95.18,95.18,162900,1039
2022-04-06,93.82,94.112,90.934998,93.18,93.18,242300,1040
2022-04-07,92.389999,94.160004,88.959999,92.220001,92.220001,212600,1041
2022-04-08,92.370003,92.879997,90.720001,91.089996,91.089996,111400,1042
2022-04-11,90.050003,94.599998,89.169998,94.220001,94.220001,218500,1043
2022-04-12,96.129997,98,91.330002,91.470001,91.470001,200400,1044
2022-04-13,91.300003,93.550003,90.730003,91.910004,91.910004,124900,1045
2022-04-14,92.309998,93.894997,90.440002,91.089996,91.089996,248200,1046
2022-04-18,90.419998,91.68,88.690002,89.57,89.57,155300,1047
2022-04-19,89.389999,94.559998,89.379997,93.660004,93.660004,249200,1048
2022-04-20,95.110001,95.110001,92.120003,92.480003,92.480003,169600,1049
2022-04-21,94.5,94.5,86.364998,87.980003,87.980003,261600,1050
2022-04-22,87.18,89,84.82,85.919998,85.919998,228500,1051
2022-04-25,85.760002,87.580002,84.059998,87.370003,87.370003,256500,1052
2022-04-26,86.120003,86.120003,82.18,82.870003,82.870003,244800,1053
2022-04-27,83.510002,84.629997,81.529999,82.82,82.82,213500,1054
2022-04-28,84.860001,86.040001,81.735001,84.75,84.75,144900,1055
2022-04-29,84.120003,86.669998,81.629997,81.879997,81.879997,232300,1056
2022-05-02,81.370003,85.269997,80.529999,85.150002,85.150002,211800,1057
2022-05-03,84.779999,85.769997,82.459999,84.860001,84.860001,296800,1058
2022-05-04,85.599998,87.870003,82.879997,87.660004,87.660004,265800,1059
2022-05-05,85.730003,86.760002,82.519997,84.669998,84.669998,309400,1060
2022-05-06,83.209999,84.510002,77.209999,81.290001,81.290001,491500,1061
2022-05-09,80.190002,81.550003,76.010002,77.019997,77.019997,314900,1062
2022-05-10,78.370003,79.705002,74.669998,78.800003,78.800003,465400,1063
2022-05-11,79.040001,82.589996,78.639999,79.300003,79.300003,428900,1064
2022-05-12,78.860001,83.190002,77.853996,82.07,82.07,489600,1065
2022-05-13,83.879997,85.324997,82.760002,83.160004,83.160004,385700,1066
2022-05-16,82.160004,83.004997,79.900002,81.639999,81.639999,253500,1067
2022-05-17,83.690002,84.514999,81.209999,83.050003,83.050003,268300,1068
2022-05-18,81.360001,83.709999,80.550003,81.220001,81.220001,300900,1069
2022-05-19,80.830002,82.059998,78.489998,78.720001,78.720001,285900,1070
2022-05-20,80.43,84.290001,76.510002,78.959999,78.959999,346400,1071
2022-05-23,78.599998,79.949997,77.324997,78.860001,78.860001,293400,1072
2022-05-24,77.919998,78.129997,74.370003,76.610001,76.610001,272300,1073
2022-05-25,75.949997,79.029999,75.949997,77.260002,77.260002,208700,1074
2022-05-26,78.419998,80.480003,77.519997,79.010002,79.010002,160200,1075
2022-05-27,80.029999,80.919998,79.305,80.099998,80.099998,158800,1076
2022-05-31,79.980003,82.589996,77.93,82.019997,82.019997,341500,1077
2022-06-01,82.5,83.900002,80.955002,81.599998,81.599998,196500,1078
2022-06-02,81.709999,86.279999,81.440002,86.25,86.25,162500,1079
2022-06-03,85.019997,86.269997,83.008003,83.800003,83.800003,222800,1080
2022-06-06,85.309998,86.089996,83.925003,84.989998,84.989998,183100,1081
2022-06-07,83.75,85.720001,82.82,85.639999,85.639999,224400,1082
2022-06-08,85.330002,87.57,85,86.690002,86.690002,203200,1083
2022-06-09,85.849998,87.779999,85.574997,86.169998,86.169998,204200,1084
2022-06-10,84.260002,84.470001,81.389999,83.68,83.68,281100,1085
2022-06-13,80.540001,81.989998,76.949997,77.610001,77.610001,216400,1086
2022-06-14,78.300003,79.82,77.360001,79.230003,79.230003,203600,1087
2022-06-15,80.889999,81.620003,77.625,79.120003,79.120003,251300,1088
2022-06-16,76.720001,76.75,69.279999,69.940002,69.940002,397800,1089
2022-06-17,71.800003,77.25,71.014999,75.919998,75.919998,428500,1090
2022-06-21,77.339996,77.730003,75.209999,75.25,75.25,180600,1091
2022-06-22,73.809998,77.632004,73.809998,76.080002,76.080002,310600,1092
2022-06-23,76.339996,79.129997,76.010002,79.019997,79.019997,153300,1093
2022-06-24,79.370003,84.739998,78.809998,84.639999,84.639999,565400,1094
2022-06-27,85.279999,86.489998,83.095001,85.480003,85.480003,325700,1095
2022-06-28,85.529999,88,83.839996,83.93,83.93,372300,1096
2022-06-29,83.650002,83.650002,80.540001,82.239998,82.239998,222900,1097
2022-06-30,80.480003,81.805,77.910004,80.540001,80.540001,270500,1098
2022-07-01,79.970001,83.970001,79.970001,83.050003,83.050003,243700,1099
2022-07-05,81.419998,85.879997,80.050003,85.419998,85.419998,282200,1100
2022-07-06,85.5,85.5,83.5,85.209999,85.209999,164100,1101
2022-07-07,85.889999,89.550003,85.809998,89.029999,89.029999,135500,1102
2022-07-08,88.25,90.139999,87.18,88.589996,88.589996,178700,1103
2022-07-11,87.550003,88.589996,85.75,86.849998,86.849998,164600,1104
2022-07-12,86.75,90.709999,86.75,87.910004,87.910004,271900,1105
2022-07-13,86.010002,89.154999,85,88.940002,88.940002,146800,1106
2022-07-14,87.519997,87.519997,85.82,85.879997,85.879997,162700,1107
2022-07-15,88.220001,88.855003,86.300003,87.239998,87.239998,207800,1108
2022-07-18,87.889999,89.080002,85.260002,85.410004,85.410004,121500,1109
2022-07-19,86.089996,89.540001,86.089996,89.360001,89.360001,221600,1110
2022-07-20,88.980003,91.559998,88.980003,91.260002,91.260002,252000,1111
2022-07-21,90.480003,92.105003,90.43,91.639999,91.639999,226500,1112
2022-07-22,92.110001,92.110001,89.800003,91.529999,91.529999,216200,1113
2022-07-25,91.529999,91.529999,88.839996,89.419998,89.419998,186200,1114
2022-07-26,88.370003,88.370003,84.660004,85.379997,85.379997,167000,1115
2022-07-27,85.650002,90.279999,85.160004,89.480003,89.480003,190800,1116
2022-07-28,90.239998,92.830002,89.660004,92.699997,92.699997,107000,1117
2022-07-29,92.510002,94.739998,91.470001,94.660004,94.660004,190700,1118
2022-08-01,93.540001,96.209999,92.970001,95.309998,95.309998,224100,1119
2022-08-02,94.160004,95.269997,92.82,94.080002,94.080002,120100,1120
2022-08-03,95.07,98.445,94.889999,98.349998,98.349998,178200,1121
2022-08-04,97.349998,97.355003,93.525002,94.480003,94.480003,305300,1122
2022-08-05,103.809998,110.980003,101.059998,106.050003,106.050003,663600,1123
2022-08-08,106.470001,108.489998,104.68,107,107,229700,1124
2022-08-09,105.790001,106.510002,101.610001,104.949997,104.949997,265100,1125
2022-08-10,105,107.75,104.949997,106.949997,106.949997,218700,1126
2022-08-11,108.150002,109.449997,107,108.580002,108.580002,177400,1127
2022-08-12,109.660004,111.510002,107.690002,111.449997,111.449997,136900,1128
2022-08-15,109.620003,111.059998,107.760002,110.879997,110.879997,225100,1129
2022-08-16,109.769997,113.629997,108.360001,111.919998,111.919998,165300,1130
2022-08-17,109.970001,110.029999,105.32,106.809998,106.809998,266600,1131
2022-08-18,107.699997,108.584999,106.489998,107.220001,107.220001,181900,1132
2022-08-19,106.900002,110.239998,102.93,103.230003,103.230003,267000,1133
2022-08-22,101.529999,103.599998,100.292999,102.540001,102.540001,199700,1134
2022-08-23,102.169998,104.114998,98.860001,99.449997,99.449997,221000,1135
2022-08-24,100.5,102.150002,99.18,100.989998,100.989998,165700,1136
2022-08-25,101.480003,103.470001,100.550003,101.5,101.5,164800,1137
2022-08-26,101.269997,102.5,96.370003,97.059998,97.059998,192400,1138
2022-08-29,96.470001,98.775002,95.029999,95.150002,95.150002,154100,1139
2022-08-30,95.5,97.470001,92.989998,93.540001,93.540001,155600,1140
2022-08-31,94.540001,96.860001,92.459999,93.209999,93.209999,198600,1141
2022-09-01,92.580002,93.227997,90.360001,91.860001,91.860001,228000,1142
2022-09-02,92.959999,93.169998,89.57,90.169998,90.169998,162000,1143
2022-09-06,90.360001,92.614998,88.809998,90.580002,90.580002,257200,1144
2022-09-07,90.580002,93.879997,90.580002,93.410004,93.410004,192600,1145
2022-09-08,91.949997,93.779999,91.144997,93.279999,93.279999,192100,1146
2022-09-09,93.519997,94.650002,91.25,94.459999,94.459999,174800,1147
2022-09-12,95.360001,95.809998,93.669998,93.93,93.93,265500,1148
2022-09-13,90.330002,90.910004,87.260002,88.099998,88.099998,249000,1149
2022-09-14,88.330002,89.235001,85.68,86.919998,86.919998,167200,1150
2022-09-15,86.260002,88.629997,84.5,85.599998,85.599998,227900,1151
2022-09-16,84.370003,85.470001,83.339996,83.949997,83.949997,404800,1152
2022-09-19,83.040001,85.660004,83.040001,85.489998,85.489998,157100,1153
2022-09-20,84.089996,84.379997,81.900002,82.650002,82.650002,157100,1154
2022-09-21,83.110001,85.660004,81.379997,82.330002,82.330002,235600,1155
2022-09-22,81.589996,81.589996,79.160004,80.730003,80.730003,234800,1156
2022-09-23,79.32,79.870003,77.449997,79.589996,79.589996,232500,1157
2022-09-26,78.949997,81.209999,77.360001,77.510002,77.510002,207200,1158
2022-09-27,78.760002,80.375,77.339996,80.010002,80.010002,324700,1159
2022-09-28,80.32,84.330002,78.989998,84.040001,84.040001,323400,1160
2022-09-29,82.190002,82.919998,79.794998,81.239998,81.239998,255700,1161
2022-09-30,80.489998,81.995003,78.980003,79.080002,79.080002,294500,1162
2022-10-03,80.080002,83.279999,79.480003,82.669998,82.669998,263300,1163
2022-10-04,84.860001,86.440002,83.970001,85.190002,85.190002,240800,1164
2022-10-05,84.139999,84.160004,81.550003,81.980003,81.980003,217300,1165
2022-10-06,81.360001,84.199997,81.300003,84,84,194000,1166
2022-10-07,83.080002,83.889999,81.434998,82.279999,82.279999,275100,1167
2022-10-10,82.080002,83.400002,80.669998,82.440002,82.440002,146200,1168
2022-10-11,82.010002,83.43,80.519997,81.489998,81.489998,178600,1169
2022-10-12,81.919998,82.839996,79.290001,81.800003,81.800003,121800,1170
2022-10-13,79.629997,84.110001,77.839996,83.220001,83.220001,201800,1171
2022-10-14,83.720001,83.720001,78.580002,78.82,78.82,138400,1172
2022-10-17,80.449997,81.279999,78.910004,80.57,80.57,211500,1173
2022-10-18,83.080002,84.084999,81.25,82.919998,82.919998,165300,1174
2022-10-19,81.580002,82.584999,75.644997,77.139999,77.139999,220300,1175
2022-10-20,77.25,78.269997,74.029999,74.800003,74.800003,246100,1176
2022-10-21,75.040001,76.917999,73.050003,76.709999,76.709999,290100,1177
2022-10-24,77,80.080002,76.519997,79.900002,79.900002,189700,1178
2022-10-25,80.18,82.309998,80.18,81.919998,81.919998,205600,1179
2022-10-26,82.760002,84.910004,81.440002,82.800003,82.800003,211800,1180
2022-10-27,84.059998,87.220001,82.544998,85.82,85.82,218300,1181
2022-10-28,87.190002,89,85.074997,88.209999,88.209999,256700,1182
2022-10-31,87.419998,88.82,87.080002,87.849998,87.849998,219200,1183
2022-11-01,88.970001,89.074997,86.022003,88.32,88.32,126300,1184
2022-11-02,87.650002,88.080002,78.809998,78.980003,78.980003,431600,1185
2022-11-03,77.760002,81.239998,76.839996,80.57,80.57,294700,1186
2022-11-04,82.209999,92.510002,82.209999,87.970001,87.970001,437500,1187
2022-11-07,89.120003,90.610001,87.055,90.160004,90.160004,180700,1188
2022-11-08,89.809998,94.480003,89.809998,92.529999,92.529999,225300,1189
2022-11-09,90.980003,93.32,89.279999,89.900002,89.900002,279600,1190
2022-11-10,94.699997,98.730003,94.550003,97.830002,97.830002,260800,1191
2022-11-11,98.190002,103.599998,97.089996,103.330002,103.330002,272000,1192
2022-11-14,101.870003,103.940002,101.5,101.959999,101.959999,277900,1193
2022-11-15,103.089996,107.589996,103.089996,107.5,107.5,440100,1194
2022-11-16,106.010002,107.32,104.099998,107.18,107.18,249100,1195
2022-11-17,104.480003,108.07,104.065002,104.980003,104.980003,317500,1196
2022-11-18,107.57,108.150002,103.620003,106.150002,106.150002,235400,1197
2022-11-21,104.910004,106.580002,103.669998,104.330002,104.330002,154200,1198
2022-11-22,104.099998,106.444,103.235001,104.82,104.82,119700,1199
2022-11-23,104.82,107.410004,104.230003,105.980003,105.980003,101200,1200
2022-11-25,105.089996,106.785004,105.089996,106.300003,106.300003,42600,1201
2022-11-28,104.730003,105.675003,102.910004,103.330002,103.330002,156600,1202
2022-11-29,103,104.220001,102.290001,102.629997,102.629997,141100,1203
2022-11-30,103.260002,106.150002,100.360001,106.099998,106.099998,215500,1204
2022-12-01,106.690002,110.300003,106.690002,109.300003,109.300003,167600,1205
2022-12-02,107.169998,113.980003,107.169998,111.660004,111.660004,148900,1206
2022-12-05,111.07,111.07,107.275002,108.709999,108.709999,146400,1207
2022-12-06,108.059998,108.059998,102.43,103.190002,103.190002,166800,1208
2022-12-07,101.690002,104.985001,100.199997,102.900002,102.900002,272200,1209
2022-12-08,104.110001,105.120003,102.620003,104.949997,104.949997,284600,1210
2022-12-09,103.449997,104.425003,99.629997,99.93,99.93,208100,1211
2022-12-12,99.699997,101.464996,98.360001,100.580002,100.580002,190600,1212
2022-12-13,105.860001,106.289001,99.629997,101.540001,101.540001,210900,1213
2022-12-14,100.800003,105.580002,100.800003,100.980003,100.980003,257400,1214
2022-12-15,100.25,101.260002,98.269997,98.660004,98.660004,220100,1215
2022-12-16,98.309998,100.135002,95.150002,96.32,96.32,414500,1216
2022-12-19,96.610001,97,93.940002,94.160004,94.160004,168300,1217
2022-12-20,93.730003,95.110001,92.195,92.43,92.43,210500,1218
2022-12-21,93.68,94.900002,93.169998,94.019997,94.019997,254900,1219
2022-12-22,92.529999,93.029999,90.379997,92.110001,92.110001,373800,1220
2022-12-23,92.580002,93.349998,91.209999,92.019997,92.019997,284300,1221
2022-12-27,91.68,92.196999,90.349998,90.470001,90.470001,145700,1222
2022-12-28,90.739998,90.800003,88.845001,88.910004,88.910004,225400,1223
2022-12-29,89.900002,92.389999,89.239998,92.389999,92.389999,249500,1224
2022-12-30,91.209999,92.239998,90.279999,91.230003,91.230003,166100,1225
2023-01-03,92.900002,93.709999,90.610001,91.730003,91.730003,163600,1226
2023-01-04,93.029999,94.760002,91.980003,93.230003,93.230003,208300,1227
2023-01-05,92.300003,92.510002,90.809998,91.059998,91.059998,155100,1228
2023-01-06,92.519997,98.910004,91.82,97.970001,97.970001,236500,1229
2023-01-09,98.910004,102.260002,98.220001,99.900002,99.900002,177200,1230
2023-01-10,99.900002,104.110001,99.900002,104.029999,104.029999,125500,1231
2023-01-11,105.309998,108.370003,105.059998,107.440002,107.440002,226400,1232
2023-01-12,108.809998,109.82,105.57,109.620003,109.620003,171600,1233
2023-01-13,107.309998,111.169998,107.029999,109.540001,109.540001,138600,1234
2023-01-17,108.339996,110.25,107.459999,107.93,107.93,157900,1235
2023-01-18,109.279999,109.540001,104.620003,105.330002,105.330002,207400,1236
2023-01-19,104.07,105.699997,102.57,103.629997,103.629997,158500,1237
2023-01-20,104.599998,105.349998,102.769997,103.699997,103.699997,201200,1238
2023-01-23,104.040001,106.790001,103.550003,106.699997,106.699997,220300,1239
2023-01-24,105.650002,110.309998,105.459999,109.989998,109.989998,153600,1240
2023-01-25,108.5,109.75,105.5,107.480003,107.480003,155000,1241
2023-01-26,109.279999,109.550003,106.480003,109.18,109.18,157100,1242
2023-01-27,108.879997,117.654999,108.879997,114.279999,114.279999,380600,1243
2023-01-30,112.379997,115.339996,112.379997,113.389999,113.389999,164300,1244
2023-01-31,114.099998,118.660004,113.605003,118.089996,118.089996,216200,1245
2023-02-01,117.589996,120.370003,115.019997,119.349998,119.349998,253300,1246
2023-02-02,120.489998,127.540001,120.489998,124.529999,124.529999,280900,1247
2023-02-03,121.610001,123.93,120.559998,123.480003,123.480003,210800,1248
2023-02-06,122.620003,124.684998,122.160004,123.080002,123.080002,136000,1249
2023-02-07,121.980003,123.660004,119.544998,121.720001,121.720001,170700,1250
2023-02-08,120.400002,123.169998,119.860001,120.419998,120.419998,126700,1251
2023-02-09,122.419998,123.389999,118.809998,119.830002,119.830002,110400,1252
2023-02-10,118.910004,119.769997,117.129997,117.730003,117.730003,125200,1253
2023-02-13,118.150002,120.730003,117.93,120.720001,120.720001,139200,1254
2023-02-14,119.099998,122.18,118.550003,121.209999,121.209999,147600,1255
2023-02-15,119.809998,124.154999,118.653,123.82,123.82,105600,1256
2023-02-16,120.82,125.43,120.089996,122.660004,122.660004,147400,1257
2023-02-17,122.580002,123.93,120.739998,122.730003,122.730003,180100,1258